calendar_day,calendar_week,calendar_month,calendar_year,week_of_year,day_of_week,week_of_month
01-01-18,1,1,2018,1,0,1
01-02-18,1,1,2018,1,1,1
01-03-18,1,1,2018,1,2,1
01-04-18,1,1,2018,1,3,1
01-05-18,1,1,2018,1,4,1
01-06-18,1,1,2018,1,5,1
01-07-18,1,1,2018,1,6,1
01-08-18,2,1,2018,2,0,2
01-09-18,2,1,2018,2,1,2
01-10-18,2,1,2018,2,2,2
01-11-18,2,1,2018,2,3,2
01-12-18,2,1,2018,2,4,2
01-13-18,2,1,2018,2,5,2
01-14-18,2,1,2018,2,6,2
01-15-18,3,1,2018,3,0,3
01-16-18,3,1,2018,3,1,3
01-17-18,3,1,2018,3,2,3
01-18-18,3,1,2018,3,3,3
01-19-18,3,1,2018,3,4,3
01-20-18,3,1,2018,3,5,3
01-21-18,3,1,2018,3,6,3
01-22-18,4,1,2018,4,0,4
01-23-18,4,1,2018,4,1,4
01-24-18,4,1,2018,4,2,4
01-25-18,4,1,2018,4,3,4
01-26-18,4,1,2018,4,4,4
01-27-18,4,1,2018,4,5,4
01-28-18,4,1,2018,4,6,4
01-29-18,5,1,2018,5,0,5
01-30-18,5,1,2018,5,1,5
01-31-18,5,1,2018,5,2,5
02-01-18,5,2,2018,5,3,1
02-02-18,5,2,2018,5,4,1
02-03-18,5,2,2018,5,5,1
02-04-18,5,2,2018,5,6,1
02-05-18,6,2,2018,6,0,2
02-06-18,6,2,2018,6,1,2
02-07-18,6,2,2018,6,2,2
02-08-18,6,2,2018,6,3,2
02-09-18,6,2,2018,6,4,2
02-10-18,6,2,2018,6,5,2
02-11-18,6,2,2018,6,6,2
02-12-18,7,2,2018,7,0,3
02-13-18,7,2,2018,7,1,3
02-14-18,7,2,2018,7,2,3
02-15-18,7,2,2018,7,3,3
02-16-18,7,2,2018,7,4,3
02-17-18,7,2,2018,7,5,3
02-18-18,7,2,2018,7,6,3
02-19-18,8,2,2018,8,0,4
02-20-18,8,2,2018,8,1,4
02-21-18,8,2,2018,8,2,4
02-22-18,8,2,2018,8,3,4
02-23-18,8,2,2018,8,4,4
02-24-18,8,2,2018,8,5,4
02-25-18,8,2,2018,8,6,4
02-26-18,9,2,2018,9,0,5
02-27-18,9,2,2018,9,1,5
02-28-18,9,2,2018,9,2,5
03-01-18,9,3,2018,9,3,1
03-02-18,9,3,2018,9,4,1
03-03-18,9,3,2018,9,5,1
03-04-18,9,3,2018,9,6,1
03-05-18,10,3,2018,10,0,2
03-06-18,10,3,2018,10,1,2
03-07-18,10,3,2018,10,2,2
03-08-18,10,3,2018,10,3,2
03-09-18,10,3,2018,10,4,2
03-10-18,10,3,2018,10,5,2
03-11-18,10,3,2018,10,6,2
03-12-18,11,3,2018,11,0,3
03-13-18,11,3,2018,11,1,3
03-14-18,11,3,2018,11,2,3
03-15-18,11,3,2018,11,3,3
03-16-18,11,3,2018,11,4,3
03-17-18,11,3,2018,11,5,3
03-18-18,11,3,2018,11,6,3
03-19-18,12,3,2018,12,0,4
03-20-18,12,3,2018,12,1,4
03-21-18,12,3,2018,12,2,4
03-22-18,12,3,2018,12,3,4
03-23-18,12,3,2018,12,4,4
03-24-18,12,3,2018,12,5,4
03-25-18,12,3,2018,12,6,4
03-26-18,13,3,2018,13,0,5
03-27-18,13,3,2018,13,1,5
03-28-18,13,3,2018,13,2,5
03-29-18,13,3,2018,13,3,5
03-30-18,13,3,2018,13,4,5
03-31-18,13,3,2018,13,5,5
04-01-18,13,4,2018,13,6,1
04-02-18,14,4,2018,14,0,2
04-03-18,14,4,2018,14,1,2
04-04-18,14,4,2018,14,2,2
04-05-18,14,4,2018,14,3,2
04-06-18,14,4,2018,14,4,2
04-07-18,14,4,2018,14,5,2
04-08-18,14,4,2018,14,6,2
04-09-18,15,4,2018,15,0,3
04-10-18,15,4,2018,15,1,3
04-11-18,15,4,2018,15,2,3
04-12-18,15,4,2018,15,3,3
04-13-18,15,4,2018,15,4,3
04-14-18,15,4,2018,15,5,3
04-15-18,15,4,2018,15,6,3
04-16-18,16,4,2018,16,0,4
04-17-18,16,4,2018,16,1,4
04-18-18,16,4,2018,16,2,4
04-19-18,16,4,2018,16,3,4
04-20-18,16,4,2018,16,4,4
04-21-18,16,4,2018,16,5,4
04-22-18,16,4,2018,16,6,4
04-23-18,17,4,2018,17,0,5
04-24-18,17,4,2018,17,1,5
04-25-18,17,4,2018,17,2,5
04-26-18,17,4,2018,17,3,5
04-27-18,17,4,2018,17,4,5
04-28-18,17,4,2018,17,5,5
04-29-18,17,4,2018,17,6,5
04-30-18,18,4,2018,18,0,6
05-01-18,18,5,2018,18,1,1
05-02-18,18,5,2018,18,2,1
05-03-18,18,5,2018,18,3,1
05-04-18,18,5,2018,18,4,1
05-05-18,18,5,2018,18,5,1
05-06-18,18,5,2018,18,6,1
05-07-18,19,5,2018,19,0,2
05-08-18,19,5,2018,19,1,2
05-09-18,19,5,2018,19,2,2
05-10-18,19,5,2018,19,3,2
05-11-18,19,5,2018,19,4,2
05-12-18,19,5,2018,19,5,2
05-13-18,19,5,2018,19,6,2
05-14-18,20,5,2018,20,0,3
05-15-18,20,5,2018,20,1,3
05-16-18,20,5,2018,20,2,3
05-17-18,20,5,2018,20,3,3
05-18-18,20,5,2018,20,4,3
05-19-18,20,5,2018,20,5,3
05-20-18,20,5,2018,20,6,3
05-21-18,21,5,2018,21,0,4
05-22-18,21,5,2018,21,1,4
05-23-18,21,5,2018,21,2,4
05-24-18,21,5,2018,21,3,4
05-25-18,21,5,2018,21,4,4
05-26-18,21,5,2018,21,5,4
05-27-18,21,5,2018,21,6,4
05-28-18,22,5,2018,22,0,5
05-29-18,22,5,2018,22,1,5
05-30-18,22,5,2018,22,2,5
05-31-18,22,5,2018,22,3,5
06-01-18,22,6,2018,22,4,1
06-02-18,22,6,2018,22,5,1
06-03-18,22,6,2018,22,6,1
06-04-18,23,6,2018,23,0,2
06-05-18,23,6,2018,23,1,2
06-06-18,23,6,2018,23,2,2
06-07-18,23,6,2018,23,3,2
06-08-18,23,6,2018,23,4,2
06-09-18,23,6,2018,23,5,2
06-10-18,23,6,2018,23,6,2
06-11-18,24,6,2018,24,0,3
06-12-18,24,6,2018,24,1,3
06-13-18,24,6,2018,24,2,3
06-14-18,24,6,2018,24,3,3
06-15-18,24,6,2018,24,4,3
06-16-18,24,6,2018,24,5,3
06-17-18,24,6,2018,24,6,3
06-18-18,25,6,2018,25,0,4
06-19-18,25,6,2018,25,1,4
06-20-18,25,6,2018,25,2,4
06-21-18,25,6,2018,25,3,4
06-22-18,25,6,2018,25,4,4
06-23-18,25,6,2018,25,5,4
06-24-18,25,6,2018,25,6,4
06-25-18,26,6,2018,26,0,5
06-26-18,26,6,2018,26,1,5
06-27-18,26,6,2018,26,2,5
06-28-18,26,6,2018,26,3,5
06-29-18,26,6,2018,26,4,5
06-30-18,26,6,2018,26,5,5
07-01-18,26,7,2018,26,6,1
07-02-18,27,7,2018,27,0,2
07-03-18,27,7,2018,27,1,2
07-04-18,27,7,2018,27,2,2
07-05-18,27,7,2018,27,3,2
07-06-18,27,7,2018,27,4,2
07-07-18,27,7,2018,27,5,2
07-08-18,27,7,2018,27,6,2
07-09-18,28,7,2018,28,0,3
07-10-18,28,7,2018,28,1,3
07-11-18,28,7,2018,28,2,3
07-12-18,28,7,2018,28,3,3
07-13-18,28,7,2018,28,4,3
07-14-18,28,7,2018,28,5,3
07-15-18,28,7,2018,28,6,3
07-16-18,29,7,2018,29,0,4
07-17-18,29,7,2018,29,1,4
07-18-18,29,7,2018,29,2,4
07-19-18,29,7,2018,29,3,4
07-20-18,29,7,2018,29,4,4
07-21-18,29,7,2018,29,5,4
07-22-18,29,7,2018,29,6,4
07-23-18,30,7,2018,30,0,5
07-24-18,30,7,2018,30,1,5
07-25-18,30,7,2018,30,2,5
07-26-18,30,7,2018,30,3,5
07-27-18,30,7,2018,30,4,5
07-28-18,30,7,2018,30,5,5
07-29-18,30,7,2018,30,6,5
07-30-18,31,7,2018,31,0,6
07-31-18,31,7,2018,31,1,6
08-01-18,31,8,2018,31,2,1
08-02-18,31,8,2018,31,3,1
08-03-18,31,8,2018,31,4,1
08-04-18,31,8,2018,31,5,1
08-05-18,31,8,2018,31,6,1
08-06-18,32,8,2018,32,0,2
08-07-18,32,8,2018,32,1,2
08-08-18,32,8,2018,32,2,2
08-09-18,32,8,2018,32,3,2
08-10-18,32,8,2018,32,4,2
08-11-18,32,8,2018,32,5,2
08-12-18,32,8,2018,32,6,2
08-13-18,33,8,2018,33,0,3
08-14-18,33,8,2018,33,1,3
08-15-18,33,8,2018,33,2,3
08-16-18,33,8,2018,33,3,3
08-17-18,33,8,2018,33,4,3
08-18-18,33,8,2018,33,5,3
08-19-18,33,8,2018,33,6,3
08-20-18,34,8,2018,34,0,4
08-21-18,34,8,2018,34,1,4
08-22-18,34,8,2018,34,2,4
08-23-18,34,8,2018,34,3,4
08-24-18,34,8,2018,34,4,4
08-25-18,34,8,2018,34,5,4
08-26-18,34,8,2018,34,6,4
08-27-18,35,8,2018,35,0,5
08-28-18,35,8,2018,35,1,5
08-29-18,35,8,2018,35,2,5
08-30-18,35,8,2018,35,3,5
08-31-18,35,8,2018,35,4,5
09-01-18,35,9,2018,35,5,1
09-02-18,35,9,2018,35,6,1
09-03-18,36,9,2018,36,0,2
09-04-18,36,9,2018,36,1,2
09-05-18,36,9,2018,36,2,2
09-06-18,36,9,2018,36,3,2
09-07-18,36,9,2018,36,4,2
09-08-18,36,9,2018,36,5,2
09-09-18,36,9,2018,36,6,2
09-10-18,37,9,2018,37,0,3
09-11-18,37,9,2018,37,1,3
09-12-18,37,9,2018,37,2,3
09-13-18,37,9,2018,37,3,3
09-14-18,37,9,2018,37,4,3
09-15-18,37,9,2018,37,5,3
09-16-18,37,9,2018,37,6,3
09-17-18,38,9,2018,38,0,4
09-18-18,38,9,2018,38,1,4
09-19-18,38,9,2018,38,2,4
09-20-18,38,9,2018,38,3,4
09-21-18,38,9,2018,38,4,4
09-22-18,38,9,2018,38,5,4
09-23-18,38,9,2018,38,6,4
09-24-18,39,9,2018,39,0,5
09-25-18,39,9,2018,39,1,5
09-26-18,39,9,2018,39,2,5
09-27-18,39,9,2018,39,3,5
09-28-18,39,9,2018,39,4,5
09-29-18,39,9,2018,39,5,5
09-30-18,39,9,2018,39,6,5
10-01-18,40,10,2018,40,0,1
10-02-18,40,10,2018,40,1,1
10-03-18,40,10,2018,40,2,1
10-04-18,40,10,2018,40,3,1
10-05-18,40,10,2018,40,4,1
10-06-18,40,10,2018,40,5,1
10-07-18,40,10,2018,40,6,1
10-08-18,41,10,2018,41,0,2
10-09-18,41,10,2018,41,1,2
10-10-18,41,10,2018,41,2,2
10-11-18,41,10,2018,41,3,2
10-12-18,41,10,2018,41,4,2
10-13-18,41,10,2018,41,5,2
10-14-18,41,10,2018,41,6,2
10-15-18,42,10,2018,42,0,3
10-16-18,42,10,2018,42,1,3
10-17-18,42,10,2018,42,2,3
10-18-18,42,10,2018,42,3,3
10-19-18,42,10,2018,42,4,3
10-20-18,42,10,2018,42,5,3
10-21-18,42,10,2018,42,6,3
10-22-18,43,10,2018,43,0,4
10-23-18,43,10,2018,43,1,4
10-24-18,43,10,2018,43,2,4
10-25-18,43,10,2018,43,3,4
10-26-18,43,10,2018,43,4,4
10-27-18,43,10,2018,43,5,4
10-28-18,43,10,2018,43,6,4
10-29-18,44,10,2018,44,0,5
10-30-18,44,10,2018,44,1,5
10-31-18,44,10,2018,44,2,5
11-01-18,44,11,2018,44,3,1
11-02-18,44,11,2018,44,4,1
11-03-18,44,11,2018,44,5,1
11-04-18,44,11,2018,44,6,1
11-05-18,45,11,2018,45,0,2
11-06-18,45,11,2018,45,1,2
11-07-18,45,11,2018,45,2,2
11-08-18,45,11,2018,45,3,2
11-09-18,45,11,2018,45,4,2
11-10-18,45,11,2018,45,5,2
11-11-18,45,11,2018,45,6,2
11-12-18,46,11,2018,46,0,3
11-13-18,46,11,2018,46,1,3
11-14-18,46,11,2018,46,2,3
11-15-18,46,11,2018,46,3,3
11-16-18,46,11,2018,46,4,3
11-17-18,46,11,2018,46,5,3
11-18-18,46,11,2018,46,6,3
11-19-18,47,11,2018,47,0,4
11-20-18,47,11,2018,47,1,4
11-21-18,47,11,2018,47,2,4
11-22-18,47,11,2018,47,3,4
11-23-18,47,11,2018,47,4,4
11-24-18,47,11,2018,47,5,4
11-25-18,47,11,2018,47,6,4
11-26-18,48,11,2018,48,0,5
11-27-18,48,11,2018,48,1,5
11-28-18,48,11,2018,48,2,5
11-29-18,48,11,2018,48,3,5
11-30-18,48,11,2018,48,4,5
12-01-18,48,12,2018,48,5,1
12-02-18,48,12,2018,48,6,1
12-03-18,49,12,2018,49,0,2
12-04-18,49,12,2018,49,1,2
12-05-18,49,12,2018,49,2,2
12-06-18,49,12,2018,49,3,2
12-07-18,49,12,2018,49,4,2
12-08-18,49,12,2018,49,5,2
12-09-18,49,12,2018,49,6,2
12-10-18,50,12,2018,50,0,3
12-11-18,50,12,2018,50,1,3
12-12-18,50,12,2018,50,2,3
12-13-18,50,12,2018,50,3,3
12-14-18,50,12,2018,50,4,3
12-15-18,50,12,2018,50,5,3
12-16-18,50,12,2018,50,6,3
12-17-18,51,12,2018,51,0,4
12-18-18,51,12,2018,51,1,4
12-19-18,51,12,2018,51,2,4
12-20-18,51,12,2018,51,3,4
12-21-18,51,12,2018,51,4,4
12-22-18,51,12,2018,51,5,4
12-23-18,51,12,2018,51,6,4
12-24-18,52,12,2018,52,0,5
12-25-18,52,12,2018,52,1,5
12-26-18,52,12,2018,52,2,5
12-27-18,52,12,2018,52,3,5
12-28-18,52,12,2018,52,4,5
12-29-18,52,12,2018,52,5,5
12-30-18,52,12,2018,52,6,5
12-31-18,1,12,2018,1,0,6
01-01-19,1,1,2019,1,1,1
01-02-19,1,1,2019,1,2,1
01-03-19,1,1,2019,1,3,1
01-04-19,1,1,2019,1,4,1
01-05-19,1,1,2019,1,5,1
01-06-19,1,1,2019,1,6,1
01-07-19,2,1,2019,2,0,2
01-08-19,2,1,2019,2,1,2
01-09-19,2,1,2019,2,2,2
01-10-19,2,1,2019,2,3,2
01-11-19,2,1,2019,2,4,2
01-12-19,2,1,2019,2,5,2
01-13-19,2,1,2019,2,6,2
01-14-19,3,1,2019,3,0,3
01-15-19,3,1,2019,3,1,3
01-16-19,3,1,2019,3,2,3
01-17-19,3,1,2019,3,3,3
01-18-19,3,1,2019,3,4,3
01-19-19,3,1,2019,3,5,3
01-20-19,3,1,2019,3,6,3
01-21-19,4,1,2019,4,0,4
01-22-19,4,1,2019,4,1,4
01-23-19,4,1,2019,4,2,4
01-24-19,4,1,2019,4,3,4
01-25-19,4,1,2019,4,4,4
01-26-19,4,1,2019,4,5,4
01-27-19,4,1,2019,4,6,4
01-28-19,5,1,2019,5,0,5
01-29-19,5,1,2019,5,1,5
01-30-19,5,1,2019,5,2,5
01-31-19,5,1,2019,5,3,5
02-01-19,5,2,2019,5,4,1
02-02-19,5,2,2019,5,5,1
02-03-19,5,2,2019,5,6,1
02-04-19,6,2,2019,6,0,2
02-05-19,6,2,2019,6,1,2
02-06-19,6,2,2019,6,2,2
02-07-19,6,2,2019,6,3,2
02-08-19,6,2,2019,6,4,2
02-09-19,6,2,2019,6,5,2
02-10-19,6,2,2019,6,6,2
02-11-19,7,2,2019,7,0,3
02-12-19,7,2,2019,7,1,3
02-13-19,7,2,2019,7,2,3
02-14-19,7,2,2019,7,3,3
02-15-19,7,2,2019,7,4,3
02-16-19,7,2,2019,7,5,3
02-17-19,7,2,2019,7,6,3
02-18-19,8,2,2019,8,0,4
02-19-19,8,2,2019,8,1,4
02-20-19,8,2,2019,8,2,4
02-21-19,8,2,2019,8,3,4
02-22-19,8,2,2019,8,4,4
02-23-19,8,2,2019,8,5,4
02-24-19,8,2,2019,8,6,4
02-25-19,9,2,2019,9,0,5
02-26-19,9,2,2019,9,1,5
02-27-19,9,2,2019,9,2,5
02-28-19,9,2,2019,9,3,5
03-01-19,9,3,2019,9,4,1
03-02-19,9,3,2019,9,5,1
03-03-19,9,3,2019,9,6,1
03-04-19,10,3,2019,10,0,2
03-05-19,10,3,2019,10,1,2
03-06-19,10,3,2019,10,2,2
03-07-19,10,3,2019,10,3,2
03-08-19,10,3,2019,10,4,2
03-09-19,10,3,2019,10,5,2
03-10-19,10,3,2019,10,6,2
03-11-19,11,3,2019,11,0,3
03-12-19,11,3,2019,11,1,3
03-13-19,11,3,2019,11,2,3
03-14-19,11,3,2019,11,3,3
03-15-19,11,3,2019,11,4,3
03-16-19,11,3,2019,11,5,3
03-17-19,11,3,2019,11,6,3
03-18-19,12,3,2019,12,0,4
03-19-19,12,3,2019,12,1,4
03-20-19,12,3,2019,12,2,4
03-21-19,12,3,2019,12,3,4
03-22-19,12,3,2019,12,4,4
03-23-19,12,3,2019,12,5,4
03-24-19,12,3,2019,12,6,4
03-25-19,13,3,2019,13,0,5
03-26-19,13,3,2019,13,1,5
03-27-19,13,3,2019,13,2,5
03-28-19,13,3,2019,13,3,5
03-29-19,13,3,2019,13,4,5
03-30-19,13,3,2019,13,5,5
03-31-19,13,3,2019,13,6,5
04-01-19,14,4,2019,14,0,1
04-02-19,14,4,2019,14,1,1
04-03-19,14,4,2019,14,2,1
04-04-19,14,4,2019,14,3,1
04-05-19,14,4,2019,14,4,1
04-06-19,14,4,2019,14,5,1
04-07-19,14,4,2019,14,6,1
04-08-19,15,4,2019,15,0,2
04-09-19,15,4,2019,15,1,2
04-10-19,15,4,2019,15,2,2
04-11-19,15,4,2019,15,3,2
04-12-19,15,4,2019,15,4,2
04-13-19,15,4,2019,15,5,2
04-14-19,15,4,2019,15,6,2
04-15-19,16,4,2019,16,0,3
04-16-19,16,4,2019,16,1,3
04-17-19,16,4,2019,16,2,3
04-18-19,16,4,2019,16,3,3
04-19-19,16,4,2019,16,4,3
04-20-19,16,4,2019,16,5,3
04-21-19,16,4,2019,16,6,3
04-22-19,17,4,2019,17,0,4
04-23-19,17,4,2019,17,1,4
04-24-19,17,4,2019,17,2,4
04-25-19,17,4,2019,17,3,4
04-26-19,17,4,2019,17,4,4
04-27-19,17,4,2019,17,5,4
04-28-19,17,4,2019,17,6,4
04-29-19,18,4,2019,18,0,5
04-30-19,18,4,2019,18,1,5
05-01-19,18,5,2019,18,2,1
05-02-19,18,5,2019,18,3,1
05-03-19,18,5,2019,18,4,1
05-04-19,18,5,2019,18,5,1
05-05-19,18,5,2019,18,6,1
05-06-19,19,5,2019,19,0,2
05-07-19,19,5,2019,19,1,2
05-08-19,19,5,2019,19,2,2
05-09-19,19,5,2019,19,3,2
05-10-19,19,5,2019,19,4,2
05-11-19,19,5,2019,19,5,2
05-12-19,19,5,2019,19,6,2
05-13-19,20,5,2019,20,0,3
05-14-19,20,5,2019,20,1,3
05-15-19,20,5,2019,20,2,3
05-16-19,20,5,2019,20,3,3
05-17-19,20,5,2019,20,4,3
05-18-19,20,5,2019,20,5,3
05-19-19,20,5,2019,20,6,3
05-20-19,21,5,2019,21,0,4
05-21-19,21,5,2019,21,1,4
05-22-19,21,5,2019,21,2,4
05-23-19,21,5,2019,21,3,4
05-24-19,21,5,2019,21,4,4
05-25-19,21,5,2019,21,5,4
05-26-19,21,5,2019,21,6,4
05-27-19,22,5,2019,22,0,5
05-28-19,22,5,2019,22,1,5
05-29-19,22,5,2019,22,2,5
05-30-19,22,5,2019,22,3,5
05-31-19,22,5,2019,22,4,5
06-01-19,22,6,2019,22,5,1
06-02-19,22,6,2019,22,6,1
06-03-19,23,6,2019,23,0,2
06-04-19,23,6,2019,23,1,2
06-05-19,23,6,2019,23,2,2
06-06-19,23,6,2019,23,3,2
06-07-19,23,6,2019,23,4,2
06-08-19,23,6,2019,23,5,2
06-09-19,23,6,2019,23,6,2
06-10-19,24,6,2019,24,0,3
06-11-19,24,6,2019,24,1,3
06-12-19,24,6,2019,24,2,3
06-13-19,24,6,2019,24,3,3
06-14-19,24,6,2019,24,4,3
06-15-19,24,6,2019,24,5,3
06-16-19,24,6,2019,24,6,3
06-17-19,25,6,2019,25,0,4
06-18-19,25,6,2019,25,1,4
06-19-19,25,6,2019,25,2,4
06-20-19,25,6,2019,25,3,4
06-21-19,25,6,2019,25,4,4
06-22-19,25,6,2019,25,5,4
06-23-19,25,6,2019,25,6,4
06-24-19,26,6,2019,26,0,5
06-25-19,26,6,2019,26,1,5
06-26-19,26,6,2019,26,2,5
06-27-19,26,6,2019,26,3,5
06-28-19,26,6,2019,26,4,5
06-29-19,26,6,2019,26,5,5
06-30-19,26,6,2019,26,6,5
07-01-19,27,7,2019,27,0,1
07-02-19,27,7,2019,27,1,1
07-03-19,27,7,2019,27,2,1
07-04-19,27,7,2019,27,3,1
07-05-19,27,7,2019,27,4,1
07-06-19,27,7,2019,27,5,1
07-07-19,27,7,2019,27,6,1
07-08-19,28,7,2019,28,0,2
07-09-19,28,7,2019,28,1,2
07-10-19,28,7,2019,28,2,2
07-11-19,28,7,2019,28,3,2
07-12-19,28,7,2019,28,4,2
07-13-19,28,7,2019,28,5,2
07-14-19,28,7,2019,28,6,2
07-15-19,29,7,2019,29,0,3
07-16-19,29,7,2019,29,1,3
07-17-19,29,7,2019,29,2,3
07-18-19,29,7,2019,29,3,3
07-19-19,29,7,2019,29,4,3
07-20-19,29,7,2019,29,5,3
07-21-19,29,7,2019,29,6,3
07-22-19,30,7,2019,30,0,4
07-23-19,30,7,2019,30,1,4
07-24-19,30,7,2019,30,2,4
07-25-19,30,7,2019,30,3,4
07-26-19,30,7,2019,30,4,4
07-27-19,30,7,2019,30,5,4
07-28-19,30,7,2019,30,6,4
07-29-19,31,7,2019,31,0,5
07-30-19,31,7,2019,31,1,5
07-31-19,31,7,2019,31,2,5
08-01-19,31,8,2019,31,3,1
08-02-19,31,8,2019,31,4,1
08-03-19,31,8,2019,31,5,1
08-04-19,31,8,2019,31,6,1
08-05-19,32,8,2019,32,0,2
08-06-19,32,8,2019,32,1,2
08-07-19,32,8,2019,32,2,2
08-08-19,32,8,2019,32,3,2
08-09-19,32,8,2019,32,4,2
08-10-19,32,8,2019,32,5,2
08-11-19,32,8,2019,32,6,2
08-12-19,33,8,2019,33,0,3
08-13-19,33,8,2019,33,1,3
08-14-19,33,8,2019,33,2,3
08-15-19,33,8,2019,33,3,3
08-16-19,33,8,2019,33,4,3
08-17-19,33,8,2019,33,5,3
08-18-19,33,8,2019,33,6,3
08-19-19,34,8,2019,34,0,4
08-20-19,34,8,2019,34,1,4
08-21-19,34,8,2019,34,2,4
08-22-19,34,8,2019,34,3,4
08-23-19,34,8,2019,34,4,4
08-24-19,34,8,2019,34,5,4
08-25-19,34,8,2019,34,6,4
08-26-19,35,8,2019,35,0,5
08-27-19,35,8,2019,35,1,5
08-28-19,35,8,2019,35,2,5
08-29-19,35,8,2019,35,3,5
08-30-19,35,8,2019,35,4,5
08-31-19,35,8,2019,35,5,5
09-01-19,35,9,2019,35,6,1
09-02-19,36,9,2019,36,0,2
09-03-19,36,9,2019,36,1,2
09-04-19,36,9,2019,36,2,2
09-05-19,36,9,2019,36,3,2
09-06-19,36,9,2019,36,4,2
09-07-19,36,9,2019,36,5,2
09-08-19,36,9,2019,36,6,2
09-09-19,37,9,2019,37,0,3
09-10-19,37,9,2019,37,1,3
09-11-19,37,9,2019,37,2,3
09-12-19,37,9,2019,37,3,3
09-13-19,37,9,2019,37,4,3
09-14-19,37,9,2019,37,5,3
09-15-19,37,9,2019,37,6,3
09-16-19,38,9,2019,38,0,4
09-17-19,38,9,2019,38,1,4
09-18-19,38,9,2019,38,2,4
09-19-19,38,9,2019,38,3,4
09-20-19,38,9,2019,38,4,4
09-21-19,38,9,2019,38,5,4
09-22-19,38,9,2019,38,6,4
09-23-19,39,9,2019,39,0,5
09-24-19,39,9,2019,39,1,5
09-25-19,39,9,2019,39,2,5
09-26-19,39,9,2019,39,3,5
09-27-19,39,9,2019,39,4,5
09-28-19,39,9,2019,39,5,5
09-29-19,39,9,2019,39,6,5
09-30-19,40,9,2019,40,0,6
10-01-19,40,10,2019,40,1,1
10-02-19,40,10,2019,40,2,1
10-03-19,40,10,2019,40,3,1
10-04-19,40,10,2019,40,4,1
10-05-19,40,10,2019,40,5,1
10-06-19,40,10,2019,40,6,1
10-07-19,41,10,2019,41,0,2
10-08-19,41,10,2019,41,1,2
10-09-19,41,10,2019,41,2,2
10-10-19,41,10,2019,41,3,2
10-11-19,41,10,2019,41,4,2
10-12-19,41,10,2019,41,5,2
10-13-19,41,10,2019,41,6,2
10-14-19,42,10,2019,42,0,3
10-15-19,42,10,2019,42,1,3
10-16-19,42,10,2019,42,2,3
10-17-19,42,10,2019,42,3,3
10-18-19,42,10,2019,42,4,3
10-19-19,42,10,2019,42,5,3
10-20-19,42,10,2019,42,6,3
10-21-19,43,10,2019,43,0,4
10-22-19,43,10,2019,43,1,4
10-23-19,43,10,2019,43,2,4
10-24-19,43,10,2019,43,3,4
10-25-19,43,10,2019,43,4,4
10-26-19,43,10,2019,43,5,4
10-27-19,43,10,2019,43,6,4
10-28-19,44,10,2019,44,0,5
10-29-19,44,10,2019,44,1,5
10-30-19,44,10,2019,44,2,5
10-31-19,44,10,2019,44,3,5
11-01-19,44,11,2019,44,4,1
11-02-19,44,11,2019,44,5,1
11-03-19,44,11,2019,44,6,1
11-04-19,45,11,2019,45,0,2
11-05-19,45,11,2019,45,1,2
11-06-19,45,11,2019,45,2,2
11-07-19,45,11,2019,45,3,2
11-08-19,45,11,2019,45,4,2
11-09-19,45,11,2019,45,5,2
11-10-19,45,11,2019,45,6,2
11-11-19,46,11,2019,46,0,3
11-12-19,46,11,2019,46,1,3
11-13-19,46,11,2019,46,2,3
11-14-19,46,11,2019,46,3,3
11-15-19,46,11,2019,46,4,3
11-16-19,46,11,2019,46,5,3
11-17-19,46,11,2019,46,6,3
11-18-19,47,11,2019,47,0,4
11-19-19,47,11,2019,47,1,4
11-20-19,47,11,2019,47,2,4
11-21-19,47,11,2019,47,3,4
11-22-19,47,11,2019,47,4,4
11-23-19,47,11,2019,47,5,4
11-24-19,47,11,2019,47,6,4
11-25-19,48,11,2019,48,0,5
11-26-19,48,11,2019,48,1,5
11-27-19,48,11,2019,48,2,5
11-28-19,48,11,2019,48,3,5
11-29-19,48,11,2019,48,4,5
11-30-19,48,11,2019,48,5,5
12-01-19,48,12,2019,48,6,1
12-02-19,49,12,2019,49,0,2
12-03-19,49,12,2019,49,1,2
12-04-19,49,12,2019,49,2,2
12-05-19,49,12,2019,49,3,2
12-06-19,49,12,2019,49,4,2
12-07-19,49,12,2019,49,5,2
12-08-19,49,12,2019,49,6,2
12-09-19,50,12,2019,50,0,3
12-10-19,50,12,2019,50,1,3
12-11-19,50,12,2019,50,2,3
12-12-19,50,12,2019,50,3,3
12-13-19,50,12,2019,50,4,3
12-14-19,50,12,2019,50,5,3
12-15-19,50,12,2019,50,6,3
12-16-19,51,12,2019,51,0,4
12-17-19,51,12,2019,51,1,4
12-18-19,51,12,2019,51,2,4
12-19-19,51,12,2019,51,3,4
12-20-19,51,12,2019,51,4,4
12-21-19,51,12,2019,51,5,4
12-22-19,51,12,2019,51,6,4
12-23-19,52,12,2019,52,0,5
12-24-19,52,12,2019,52,1,5
12-25-19,52,12,2019,52,2,5
12-26-19,52,12,2019,52,3,5
12-27-19,52,12,2019,52,4,5
12-28-19,52,12,2019,52,5,5
12-29-19,52,12,2019,52,6,5
12-30-19,1,12,2019,1,0,6
12-31-19,1,12,2019,1,1,6
01-01-20,1,1,2020,1,2,1
01-02-20,1,1,2020,1,3,1
01-03-20,1,1,2020,1,4,1
01-04-20,1,1,2020,1,5,1
01-05-20,1,1,2020,1,6,1
01-06-20,2,1,2020,2,0,2
01-07-20,2,1,2020,2,1,2
01-08-20,2,1,2020,2,2,2
01-09-20,2,1,2020,2,3,2
01-10-20,2,1,2020,2,4,2
01-11-20,2,1,2020,2,5,2
01-12-20,2,1,2020,2,6,2
01-13-20,3,1,2020,3,0,3
01-14-20,3,1,2020,3,1,3
01-15-20,3,1,2020,3,2,3
01-16-20,3,1,2020,3,3,3
01-17-20,3,1,2020,3,4,3
01-18-20,3,1,2020,3,5,3
01-19-20,3,1,2020,3,6,3
01-20-20,4,1,2020,4,0,4
01-21-20,4,1,2020,4,1,4
01-22-20,4,1,2020,4,2,4
01-23-20,4,1,2020,4,3,4
01-24-20,4,1,2020,4,4,4
01-25-20,4,1,2020,4,5,4
01-26-20,4,1,2020,4,6,4
01-27-20,5,1,2020,5,0,5
01-28-20,5,1,2020,5,1,5
01-29-20,5,1,2020,5,2,5
01-30-20,5,1,2020,5,3,5
01-31-20,5,1,2020,5,4,5
02-01-20,5,2,2020,5,5,1
02-02-20,5,2,2020,5,6,1
02-03-20,6,2,2020,6,0,2
02-04-20,6,2,2020,6,1,2
02-05-20,6,2,2020,6,2,2
02-06-20,6,2,2020,6,3,2
02-07-20,6,2,2020,6,4,2
02-08-20,6,2,2020,6,5,2
02-09-20,6,2,2020,6,6,2
02-10-20,7,2,2020,7,0,3
02-11-20,7,2,2020,7,1,3
02-12-20,7,2,2020,7,2,3
02-13-20,7,2,2020,7,3,3
02-14-20,7,2,2020,7,4,3
02-15-20,7,2,2020,7,5,3
02-16-20,7,2,2020,7,6,3
02-17-20,8,2,2020,8,0,4
02-18-20,8,2,2020,8,1,4
02-19-20,8,2,2020,8,2,4
02-20-20,8,2,2020,8,3,4
02-21-20,8,2,2020,8,4,4
02-22-20,8,2,2020,8,5,4
02-23-20,8,2,2020,8,6,4
02-24-20,9,2,2020,9,0,5
02-25-20,9,2,2020,9,1,5
02-26-20,9,2,2020,9,2,5
02-27-20,9,2,2020,9,3,5
02-28-20,9,2,2020,9,4,5
02-29-20,9,2,2020,9,5,5
03-01-20,9,3,2020,9,6,1
03-02-20,10,3,2020,10,0,2
03-03-20,10,3,2020,10,1,2
03-04-20,10,3,2020,10,2,2
03-05-20,10,3,2020,10,3,2
03-06-20,10,3,2020,10,4,2
03-07-20,10,3,2020,10,5,2
03-08-20,10,3,2020,10,6,2
03-09-20,11,3,2020,11,0,3
03-10-20,11,3,2020,11,1,3
03-11-20,11,3,2020,11,2,3
03-12-20,11,3,2020,11,3,3
03-13-20,11,3,2020,11,4,3
03-14-20,11,3,2020,11,5,3
03-15-20,11,3,2020,11,6,3
03-16-20,12,3,2020,12,0,4
03-17-20,12,3,2020,12,1,4
03-18-20,12,3,2020,12,2,4
03-19-20,12,3,2020,12,3,4
03-20-20,12,3,2020,12,4,4
03-21-20,12,3,2020,12,5,4
03-22-20,12,3,2020,12,6,4
03-23-20,13,3,2020,13,0,5
03-24-20,13,3,2020,13,1,5
03-25-20,13,3,2020,13,2,5
03-26-20,13,3,2020,13,3,5
03-27-20,13,3,2020,13,4,5
03-28-20,13,3,2020,13,5,5
03-29-20,13,3,2020,13,6,5
03-30-20,14,3,2020,14,0,6
03-31-20,14,3,2020,14,1,6
04-01-20,14,4,2020,14,2,1
04-02-20,14,4,2020,14,3,1
04-03-20,14,4,2020,14,4,1
04-04-20,14,4,2020,14,5,1
04-05-20,14,4,2020,14,6,1
04-06-20,15,4,2020,15,0,2
04-07-20,15,4,2020,15,1,2
04-08-20,15,4,2020,15,2,2
04-09-20,15,4,2020,15,3,2
04-10-20,15,4,2020,15,4,2
04-11-20,15,4,2020,15,5,2
04-12-20,15,4,2020,15,6,2
04-13-20,16,4,2020,16,0,3
04-14-20,16,4,2020,16,1,3
04-15-20,16,4,2020,16,2,3
04-16-20,16,4,2020,16,3,3
04-17-20,16,4,2020,16,4,3
04-18-20,16,4,2020,16,5,3
04-19-20,16,4,2020,16,6,3
04-20-20,17,4,2020,17,0,4
04-21-20,17,4,2020,17,1,4
04-22-20,17,4,2020,17,2,4
04-23-20,17,4,2020,17,3,4
04-24-20,17,4,2020,17,4,4
04-25-20,17,4,2020,17,5,4
04-26-20,17,4,2020,17,6,4
04-27-20,18,4,2020,18,0,5
04-28-20,18,4,2020,18,1,5
04-29-20,18,4,2020,18,2,5
04-30-20,18,4,2020,18,3,5
05-01-20,18,5,2020,18,4,1
05-02-20,18,5,2020,18,5,1
05-03-20,18,5,2020,18,6,1
05-04-20,19,5,2020,19,0,2
05-05-20,19,5,2020,19,1,2
05-06-20,19,5,2020,19,2,2
05-07-20,19,5,2020,19,3,2
05-08-20,19,5,2020,19,4,2
05-09-20,19,5,2020,19,5,2
05-10-20,19,5,2020,19,6,2
05-11-20,20,5,2020,20,0,3
05-12-20,20,5,2020,20,1,3
05-13-20,20,5,2020,20,2,3
05-14-20,20,5,2020,20,3,3
05-15-20,20,5,2020,20,4,3
05-16-20,20,5,2020,20,5,3
05-17-20,20,5,2020,20,6,3
05-18-20,21,5,2020,21,0,4
05-19-20,21,5,2020,21,1,4
05-20-20,21,5,2020,21,2,4
05-21-20,21,5,2020,21,3,4
05-22-20,21,5,2020,21,4,4
05-23-20,21,5,2020,21,5,4
05-24-20,21,5,2020,21,6,4
05-25-20,22,5,2020,22,0,5
05-26-20,22,5,2020,22,1,5
05-27-20,22,5,2020,22,2,5
05-28-20,22,5,2020,22,3,5
05-29-20,22,5,2020,22,4,5
05-30-20,22,5,2020,22,5,5
05-31-20,22,5,2020,22,6,5
06-01-20,23,6,2020,23,0,1
06-02-20,23,6,2020,23,1,1
06-03-20,23,6,2020,23,2,1
06-04-20,23,6,2020,23,3,1
06-05-20,23,6,2020,23,4,1
06-06-20,23,6,2020,23,5,1
06-07-20,23,6,2020,23,6,1
06-08-20,24,6,2020,24,0,2
06-09-20,24,6,2020,24,1,2
06-10-20,24,6,2020,24,2,2
06-11-20,24,6,2020,24,3,2
06-12-20,24,6,2020,24,4,2
06-13-20,24,6,2020,24,5,2
06-14-20,24,6,2020,24,6,2
06-15-20,25,6,2020,25,0,3
06-16-20,25,6,2020,25,1,3
06-17-20,25,6,2020,25,2,3
06-18-20,25,6,2020,25,3,3
06-19-20,25,6,2020,25,4,3
06-20-20,25,6,2020,25,5,3
06-21-20,25,6,2020,25,6,3
06-22-20,26,6,2020,26,0,4
06-23-20,26,6,2020,26,1,4
06-24-20,26,6,2020,26,2,4
06-25-20,26,6,2020,26,3,4
06-26-20,26,6,2020,26,4,4
06-27-20,26,6,2020,26,5,4
06-28-20,26,6,2020,26,6,4
06-29-20,27,6,2020,27,0,5
06-30-20,27,6,2020,27,1,5
07-01-20,27,7,2020,27,2,1
07-02-20,27,7,2020,27,3,1
07-03-20,27,7,2020,27,4,1
07-04-20,27,7,2020,27,5,1
07-05-20,27,7,2020,27,6,1
07-06-20,28,7,2020,28,0,2
07-07-20,28,7,2020,28,1,2
07-08-20,28,7,2020,28,2,2
07-09-20,28,7,2020,28,3,2
07-10-20,28,7,2020,28,4,2
07-11-20,28,7,2020,28,5,2
07-12-20,28,7,2020,28,6,2
07-13-20,29,7,2020,29,0,3
07-14-20,29,7,2020,29,1,3
07-15-20,29,7,2020,29,2,3
07-16-20,29,7,2020,29,3,3
07-17-20,29,7,2020,29,4,3
07-18-20,29,7,2020,29,5,3
07-19-20,29,7,2020,29,6,3
07-20-20,30,7,2020,30,0,4
07-21-20,30,7,2020,30,1,4
07-22-20,30,7,2020,30,2,4
07-23-20,30,7,2020,30,3,4
07-24-20,30,7,2020,30,4,4
07-25-20,30,7,2020,30,5,4
07-26-20,30,7,2020,30,6,4
07-27-20,31,7,2020,31,0,5
07-28-20,31,7,2020,31,1,5
07-29-20,31,7,2020,31,2,5
07-30-20,31,7,2020,31,3,5
07-31-20,31,7,2020,31,4,5
08-01-20,31,8,2020,31,5,1
08-02-20,31,8,2020,31,6,1
08-03-20,32,8,2020,32,0,2
08-04-20,32,8,2020,32,1,2
08-05-20,32,8,2020,32,2,2
08-06-20,32,8,2020,32,3,2
08-07-20,32,8,2020,32,4,2
08-08-20,32,8,2020,32,5,2
08-09-20,32,8,2020,32,6,2
08-10-20,33,8,2020,33,0,3
08-11-20,33,8,2020,33,1,3
08-12-20,33,8,2020,33,2,3
08-13-20,33,8,2020,33,3,3
08-14-20,33,8,2020,33,4,3
08-15-20,33,8,2020,33,5,3
08-16-20,33,8,2020,33,6,3
08-17-20,34,8,2020,34,0,4
08-18-20,34,8,2020,34,1,4
08-19-20,34,8,2020,34,2,4
08-20-20,34,8,2020,34,3,4
08-21-20,34,8,2020,34,4,4
08-22-20,34,8,2020,34,5,4
08-23-20,34,8,2020,34,6,4
08-24-20,35,8,2020,35,0,5
08-25-20,35,8,2020,35,1,5
08-26-20,35,8,2020,35,2,5
08-27-20,35,8,2020,35,3,5
08-28-20,35,8,2020,35,4,5
08-29-20,35,8,2020,35,5,5
08-30-20,35,8,2020,35,6,5
08-31-20,36,8,2020,36,0,6
09-01-20,36,9,2020,36,1,1
09-02-20,36,9,2020,36,2,1
09-03-20,36,9,2020,36,3,1
09-04-20,36,9,2020,36,4,1
09-05-20,36,9,2020,36,5,1
09-06-20,36,9,2020,36,6,1
09-07-20,37,9,2020,37,0,2
09-08-20,37,9,2020,37,1,2
09-09-20,37,9,2020,37,2,2
09-10-20,37,9,2020,37,3,2
09-11-20,37,9,2020,37,4,2
09-12-20,37,9,2020,37,5,2
09-13-20,37,9,2020,37,6,2
09-14-20,38,9,2020,38,0,3
09-15-20,38,9,2020,38,1,3
09-16-20,38,9,2020,38,2,3
09-17-20,38,9,2020,38,3,3
09-18-20,38,9,2020,38,4,3
09-19-20,38,9,2020,38,5,3
09-20-20,38,9,2020,38,6,3
09-21-20,39,9,2020,39,0,4
09-22-20,39,9,2020,39,1,4
09-23-20,39,9,2020,39,2,4
09-24-20,39,9,2020,39,3,4
09-25-20,39,9,2020,39,4,4
09-26-20,39,9,2020,39,5,4
09-27-20,39,9,2020,39,6,4
09-28-20,40,9,2020,40,0,5
09-29-20,40,9,2020,40,1,5
09-30-20,40,9,2020,40,2,5
10-01-20,40,10,2020,40,3,1
10-02-20,40,10,2020,40,4,1
10-03-20,40,10,2020,40,5,1
10-04-20,40,10,2020,40,6,1
10-05-20,41,10,2020,41,0,2
10-06-20,41,10,2020,41,1,2
10-07-20,41,10,2020,41,2,2
10-08-20,41,10,2020,41,3,2
10-09-20,41,10,2020,41,4,2
10-10-20,41,10,2020,41,5,2
10-11-20,41,10,2020,41,6,2
10-12-20,42,10,2020,42,0,3
10-13-20,42,10,2020,42,1,3
10-14-20,42,10,2020,42,2,3
10-15-20,42,10,2020,42,3,3
10-16-20,42,10,2020,42,4,3
10-17-20,42,10,2020,42,5,3
10-18-20,42,10,2020,42,6,3
10-19-20,43,10,2020,43,0,4
10-20-20,43,10,2020,43,1,4
10-21-20,43,10,2020,43,2,4
10-22-20,43,10,2020,43,3,4
10-23-20,43,10,2020,43,4,4
10-24-20,43,10,2020,43,5,4
10-25-20,43,10,2020,43,6,4
10-26-20,44,10,2020,44,0,5
10-27-20,44,10,2020,44,1,5
10-28-20,44,10,2020,44,2,5
10-29-20,44,10,2020,44,3,5
10-30-20,44,10,2020,44,4,5
10-31-20,44,10,2020,44,5,5
11-01-20,44,11,2020,44,6,1
11-02-20,45,11,2020,45,0,2
11-03-20,45,11,2020,45,1,2
11-04-20,45,11,2020,45,2,2
11-05-20,45,11,2020,45,3,2
11-06-20,45,11,2020,45,4,2
11-07-20,45,11,2020,45,5,2
11-08-20,45,11,2020,45,6,2
11-09-20,46,11,2020,46,0,3
11-10-20,46,11,2020,46,1,3
11-11-20,46,11,2020,46,2,3
11-12-20,46,11,2020,46,3,3
11-13-20,46,11,2020,46,4,3
11-14-20,46,11,2020,46,5,3
11-15-20,46,11,2020,46,6,3
11-16-20,47,11,2020,47,0,4
11-17-20,47,11,2020,47,1,4
11-18-20,47,11,2020,47,2,4
11-19-20,47,11,2020,47,3,4
11-20-20,47,11,2020,47,4,4
11-21-20,47,11,2020,47,5,4
11-22-20,47,11,2020,47,6,4
11-23-20,48,11,2020,48,0,5
11-24-20,48,11,2020,48,1,5
11-25-20,48,11,2020,48,2,5
11-26-20,48,11,2020,48,3,5
11-27-20,48,11,2020,48,4,5
11-28-20,48,11,2020,48,5,5
11-29-20,48,11,2020,48,6,5
11-30-20,49,11,2020,49,0,6
12-01-20,49,12,2020,49,1,1
12-02-20,49,12,2020,49,2,1
12-03-20,49,12,2020,49,3,1
12-04-20,49,12,2020,49,4,1
12-05-20,49,12,2020,49,5,1
12-06-20,49,12,2020,49,6,1
12-07-20,50,12,2020,50,0,2
12-08-20,50,12,2020,50,1,2
12-09-20,50,12,2020,50,2,2
12-10-20,50,12,2020,50,3,2
12-11-20,50,12,2020,50,4,2
12-12-20,50,12,2020,50,5,2
12-13-20,50,12,2020,50,6,2
12-14-20,51,12,2020,51,0,3
12-15-20,51,12,2020,51,1,3
12-16-20,51,12,2020,51,2,3
12-17-20,51,12,2020,51,3,3
12-18-20,51,12,2020,51,4,3
12-19-20,51,12,2020,51,5,3
12-20-20,51,12,2020,51,6,3
12-21-20,52,12,2020,52,0,4
12-22-20,52,12,2020,52,1,4
12-23-20,52,12,2020,52,2,4
12-24-20,52,12,2020,52,3,4
12-25-20,52,12,2020,52,4,4
12-26-20,52,12,2020,52,5,4
12-27-20,52,12,2020,52,6,4
12-28-20,53,12,2020,53,0,5
calendar_day,calendar_week,calendar_month,calendar_year,week_of_year,day_of_week,week_of_month
01-01-18,1,1,2018,1,0,1
01-02-18,1,1,2018,1,1,1
01-03-18,1,1,2018,1,2,1
01-04-18,1,1,2018,1,3,1
01-05-18,1,1,2018,1,4,1
01-06-18,1,1,2018,1,5,1
01-07-18,1,1,2018,1,6,1
01-08-18,2,1,2018,2,0,2
01-09-18,2,1,2018,2,1,2
01-10-18,2,1,2018,2,2,2
01-11-18,2,1,2018,2,3,2
01-12-18,2,1,2018,2,4,2
01-13-18,2,1,2018,2,5,2
01-14-18,2,1,2018,2,6,2
01-15-18,3,1,2018,3,0,3
01-16-18,3,1,2018,3,1,3
01-17-18,3,1,2018,3,2,3
01-18-18,3,1,2018,3,3,3
01-19-18,3,1,2018,3,4,3
01-20-18,3,1,2018,3,5,3
01-21-18,3,1,2018,3,6,3
01-22-18,4,1,2018,4,0,4
01-23-18,4,1,2018,4,1,4
01-24-18,4,1,2018,4,2,4
01-25-18,4,1,2018,4,3,4
01-26-18,4,1,2018,4,4,4
01-27-18,4,1,2018,4,5,4
01-28-18,4,1,2018,4,6,4
01-29-18,5,1,2018,5,0,5
01-30-18,5,1,2018,5,1,5
01-31-18,5,1,2018,5,2,5
02-01-18,5,2,2018,5,3,1
02-02-18,5,2,2018,5,4,1
02-03-18,5,2,2018,5,5,1
02-04-18,5,2,2018,5,6,1
02-05-18,6,2,2018,6,0,2
02-06-18,6,2,2018,6,1,2
02-07-18,6,2,2018,6,2,2
02-08-18,6,2,2018,6,3,2
02-09-18,6,2,2018,6,4,2
02-10-18,6,2,2018,6,5,2
02-11-18,6,2,2018,6,6,2
02-12-18,7,2,2018,7,0,3
02-13-18,7,2,2018,7,1,3
02-14-18,7,2,2018,7,2,3
02-15-18,7,2,2018,7,3,3
02-16-18,7,2,2018,7,4,3
02-17-18,7,2,2018,7,5,3
02-18-18,7,2,2018,7,6,3
02-19-18,8,2,2018,8,0,4
02-20-18,8,2,2018,8,1,4
02-21-18,8,2,2018,8,2,4
02-22-18,8,2,2018,8,3,4
02-23-18,8,2,2018,8,4,4
02-24-18,8,2,2018,8,5,4
02-25-18,8,2,2018,8,6,4
02-26-18,9,2,2018,9,0,5
02-27-18,9,2,2018,9,1,5
02-28-18,9,2,2018,9,2,5
03-01-18,9,3,2018,9,3,1
03-02-18,9,3,2018,9,4,1
03-03-18,9,3,2018,9,5,1
03-04-18,9,3,2018,9,6,1
03-05-18,10,3,2018,10,0,2
03-06-18,10,3,2018,10,1,2
03-07-18,10,3,2018,10,2,2
03-08-18,10,3,2018,10,3,2
03-09-18,10,3,2018,10,4,2
03-10-18,10,3,2018,10,5,2
03-11-18,10,3,2018,10,6,2
03-12-18,11,3,2018,11,0,3
03-13-18,11,3,2018,11,1,3
03-14-18,11,3,2018,11,2,3
03-15-18,11,3,2018,11,3,3
03-16-18,11,3,2018,11,4,3
03-17-18,11,3,2018,11,5,3
03-18-18,11,3,2018,11,6,3
03-19-18,12,3,2018,12,0,4
03-20-18,12,3,2018,12,1,4
03-21-18,12,3,2018,12,2,4
03-22-18,12,3,2018,12,3,4
03-23-18,12,3,2018,12,4,4
03-24-18,12,3,2018,12,5,4
03-25-18,12,3,2018,12,6,4
03-26-18,13,3,2018,13,0,5
03-27-18,13,3,2018,13,1,5
03-28-18,13,3,2018,13,2,5
03-29-18,13,3,2018,13,3,5
03-30-18,13,3,2018,13,4,5
03-31-18,13,3,2018,13,5,5
04-01-18,13,4,2018,13,6,1
04-02-18,14,4,2018,14,0,2
04-03-18,14,4,2018,14,1,2
04-04-18,14,4,2018,14,2,2
04-05-18,14,4,2018,14,3,2
04-06-18,14,4,2018,14,4,2
04-07-18,14,4,2018,14,5,2
04-08-18,14,4,2018,14,6,2
04-09-18,15,4,2018,15,0,3
04-10-18,15,4,2018,15,1,3
04-11-18,15,4,2018,15,2,3
04-12-18,15,4,2018,15,3,3
04-13-18,15,4,2018,15,4,3
04-14-18,15,4,2018,15,5,3
04-15-18,15,4,2018,15,6,3
04-16-18,16,4,2018,16,0,4
04-17-18,16,4,2018,16,1,4
04-18-18,16,4,2018,16,2,4
04-19-18,16,4,2018,16,3,4
04-20-18,16,4,2018,16,4,4
04-21-18,16,4,2018,16,5,4
04-22-18,16,4,2018,16,6,4
04-23-18,17,4,2018,17,0,5
04-24-18,17,4,2018,17,1,5
04-25-18,17,4,2018,17,2,5
04-26-18,17,4,2018,17,3,5
04-27-18,17,4,2018,17,4,5
04-28-18,17,4,2018,17,5,5
04-29-18,17,4,2018,17,6,5
04-30-18,18,4,2018,18,0,6
05-01-18,18,5,2018,18,1,1
05-02-18,18,5,2018,18,2,1
05-03-18,18,5,2018,18,3,1
05-04-18,18,5,2018,18,4,1
05-05-18,18,5,2018,18,5,1
05-06-18,18,5,2018,18,6,1
05-07-18,19,5,2018,19,0,2
05-08-18,19,5,2018,19,1,2
05-09-18,19,5,2018,19,2,2
05-10-18,19,5,2018,19,3,2
05-11-18,19,5,2018,19,4,2
05-12-18,19,5,2018,19,5,2
05-13-18,19,5,2018,19,6,2
05-14-18,20,5,2018,20,0,3
05-15-18,20,5,2018,20,1,3
05-16-18,20,5,2018,20,2,3
05-17-18,20,5,2018,20,3,3
05-18-18,20,5,2018,20,4,3
05-19-18,20,5,2018,20,5,3
05-20-18,20,5,2018,20,6,3
05-21-18,21,5,2018,21,0,4
05-22-18,21,5,2018,21,1,4
05-23-18,21,5,2018,21,2,4
05-24-18,21,5,2018,21,3,4
05-25-18,21,5,2018,21,4,4
05-26-18,21,5,2018,21,5,4
05-27-18,21,5,2018,21,6,4
05-28-18,22,5,2018,22,0,5
05-29-18,22,5,2018,22,1,5
05-30-18,22,5,2018,22,2,5
05-31-18,22,5,2018,22,3,5
06-01-18,22,6,2018,22,4,1
06-02-18,22,6,2018,22,5,1
06-03-18,22,6,2018,22,6,1
06-04-18,23,6,2018,23,0,2
06-05-18,23,6,2018,23,1,2
06-06-18,23,6,2018,23,2,2
06-07-18,23,6,2018,23,3,2
06-08-18,23,6,2018,23,4,2
06-09-18,23,6,2018,23,5,2
06-10-18,23,6,2018,23,6,2
06-11-18,24,6,2018,24,0,3
06-12-18,24,6,2018,24,1,3
06-13-18,24,6,2018,24,2,3
06-14-18,24,6,2018,24,3,3
06-15-18,24,6,2018,24,4,3
06-16-18,24,6,2018,24,5,3
06-17-18,24,6,2018,24,6,3
06-18-18,25,6,2018,25,0,4
06-19-18,25,6,2018,25,1,4
06-20-18,25,6,2018,25,2,4
06-21-18,25,6,2018,25,3,4
06-22-18,25,6,2018,25,4,4
06-23-18,25,6,2018,25,5,4
06-24-18,25,6,2018,25,6,4
06-25-18,26,6,2018,26,0,5
06-26-18,26,6,2018,26,1,5
06-27-18,26,6,2018,26,2,5
06-28-18,26,6,2018,26,3,5
06-29-18,26,6,2018,26,4,5
06-30-18,26,6,2018,26,5,5
07-01-18,26,7,2018,26,6,1
07-02-18,27,7,2018,27,0,2
07-03-18,27,7,2018,27,1,2
07-04-18,27,7,2018,27,2,2
07-05-18,27,7,2018,27,3,2
07-06-18,27,7,2018,27,4,2
07-07-18,27,7,2018,27,5,2
07-08-18,27,7,2018,27,6,2
07-09-18,28,7,2018,28,0,3
07-10-18,28,7,2018,28,1,3
07-11-18,28,7,2018,28,2,3
07-12-18,28,7,2018,28,3,3
07-13-18,28,7,2018,28,4,3
07-14-18,28,7,2018,28,5,3
07-15-18,28,7,2018,28,6,3
07-16-18,29,7,2018,29,0,4
07-17-18,29,7,2018,29,1,4
07-18-18,29,7,2018,29,2,4
07-19-18,29,7,2018,29,3,4
07-20-18,29,7,2018,29,4,4
07-21-18,29,7,2018,29,5,4
07-22-18,29,7,2018,29,6,4
07-23-18,30,7,2018,30,0,5
07-24-18,30,7,2018,30,1,5
07-25-18,30,7,2018,30,2,5
07-26-18,30,7,2018,30,3,5
07-27-18,30,7,2018,30,4,5
07-28-18,30,7,2018,30,5,5
07-29-18,30,7,2018,30,6,5
07-30-18,31,7,2018,31,0,6
07-31-18,31,7,2018,31,1,6
08-01-18,31,8,2018,31,2,1
08-02-18,31,8,2018,31,3,1
08-03-18,31,8,2018,31,4,1
08-04-18,31,8,2018,31,5,1
08-05-18,31,8,2018,31,6,1
08-06-18,32,8,2018,32,0,2
08-07-18,32,8,2018,32,1,2
08-08-18,32,8,2018,32,2,2
08-09-18,32,8,2018,32,3,2
08-10-18,32,8,2018,32,4,2
08-11-18,32,8,2018,32,5,2
08-12-18,32,8,2018,32,6,2
08-13-18,33,8,2018,33,0,3
08-14-18,33,8,2018,33,1,3
08-15-18,33,8,2018,33,2,3
08-16-18,33,8,2018,33,3,3
08-17-18,33,8,2018,33,4,3
08-18-18,33,8,2018,33,5,3
08-19-18,33,8,2018,33,6,3
08-20-18,34,8,2018,34,0,4
08-21-18,34,8,2018,34,1,4
08-22-18,34,8,2018,34,2,4
08-23-18,34,8,2018,34,3,4
08-24-18,34,8,2018,34,4,4
08-25-18,34,8,2018,34,5,4
08-26-18,34,8,2018,34,6,4
08-27-18,35,8,2018,35,0,5
08-28-18,35,8,2018,35,1,5
08-29-18,35,8,2018,35,2,5
08-30-18,35,8,2018,35,3,5
08-31-18,35,8,2018,35,4,5
09-01-18,35,9,2018,35,5,1
09-02-18,35,9,2018,35,6,1
09-03-18,36,9,2018,36,0,2
09-04-18,36,9,2018,36,1,2
09-05-18,36,9,2018,36,2,2
09-06-18,36,9,2018,36,3,2
09-07-18,36,9,2018,36,4,2
09-08-18,36,9,2018,36,5,2
09-09-18,36,9,2018,36,6,2
09-10-18,37,9,2018,37,0,3
09-11-18,37,9,2018,37,1,3
09-12-18,37,9,2018,37,2,3
09-13-18,37,9,2018,37,3,3
09-14-18,37,9,2018,37,4,3
09-15-18,37,9,2018,37,5,3
09-16-18,37,9,2018,37,6,3
09-17-18,38,9,2018,38,0,4
09-18-18,38,9,2018,38,1,4
09-19-18,38,9,2018,38,2,4
09-20-18,38,9,2018,38,3,4
09-21-18,38,9,2018,38,4,4
09-22-18,38,9,2018,38,5,4
09-23-18,38,9,2018,38,6,4
09-24-18,39,9,2018,39,0,5
09-25-18,39,9,2018,39,1,5
09-26-18,39,9,2018,39,2,5
09-27-18,39,9,2018,39,3,5
09-28-18,39,9,2018,39,4,5
09-29-18,39,9,2018,39,5,5
09-30-18,39,9,2018,39,6,5
10-01-18,40,10,2018,40,0,1
10-02-18,40,10,2018,40,1,1
10-03-18,40,10,2018,40,2,1
10-04-18,40,10,2018,40,3,1
10-05-18,40,10,2018,40,4,1
10-06-18,40,10,2018,40,5,1
10-07-18,40,10,2018,40,6,1
10-08-18,41,10,2018,41,0,2
10-09-18,41,10,2018,41,1,2
10-10-18,41,10,2018,41,2,2
10-11-18,41,10,2018,41,3,2
10-12-18,41,10,2018,41,4,2
10-13-18,41,10,2018,41,5,2
10-14-18,41,10,2018,41,6,2
10-15-18,42,10,2018,42,0,3
10-16-18,42,10,2018,42,1,3
10-17-18,42,10,2018,42,2,3
10-18-18,42,10,2018,42,3,3
10-19-18,42,10,2018,42,4,3
10-20-18,42,10,2018,42,5,3
10-21-18,42,10,2018,42,6,3
10-22-18,43,10,2018,43,0,4
10-23-18,43,10,2018,43,1,4
10-24-18,43,10,2018,43,2,4
10-25-18,43,10,2018,43,3,4
10-26-18,43,10,2018,43,4,4
10-27-18,43,10,2018,43,5,4
10-28-18,43,10,2018,43,6,4
10-29-18,44,10,2018,44,0,5
10-30-18,44,10,2018,44,1,5
10-31-18,44,10,2018,44,2,5
11-01-18,44,11,2018,44,3,1
11-02-18,44,11,2018,44,4,1
11-03-18,44,11,2018,44,5,1
11-04-18,44,11,2018,44,6,1
11-05-18,45,11,2018,45,0,2
11-06-18,45,11,2018,45,1,2
11-07-18,45,11,2018,45,2,2
11-08-18,45,11,2018,45,3,2
11-09-18,45,11,2018,45,4,2
11-10-18,45,11,2018,45,5,2
11-11-18,45,11,2018,45,6,2
11-12-18,46,11,2018,46,0,3
11-13-18,46,11,2018,46,1,3
11-14-18,46,11,2018,46,2,3
11-15-18,46,11,2018,46,3,3
11-16-18,46,11,2018,46,4,3
11-17-18,46,11,2018,46,5,3
11-18-18,46,11,2018,46,6,3
11-19-18,47,11,2018,47,0,4
11-20-18,47,11,2018,47,1,4
11-21-18,47,11,2018,47,2,4
11-22-18,47,11,2018,47,3,4
11-23-18,47,11,2018,47,4,4
11-24-18,47,11,2018,47,5,4
11-25-18,47,11,2018,47,6,4
11-26-18,48,11,2018,48,0,5
11-27-18,48,11,2018,48,1,5
11-28-18,48,11,2018,48,2,5
11-29-18,48,11,2018,48,3,5
11-30-18,48,11,2018,48,4,5
12-01-18,48,12,2018,48,5,1
12-02-18,48,12,2018,48,6,1
12-03-18,49,12,2018,49,0,2
12-04-18,49,12,2018,49,1,2
12-05-18,49,12,2018,49,2,2
12-06-18,49,12,2018,49,3,2
12-07-18,49,12,2018,49,4,2
12-08-18,49,12,2018,49,5,2
12-09-18,49,12,2018,49,6,2
12-10-18,50,12,2018,50,0,3
12-11-18,50,12,2018,50,1,3
12-12-18,50,12,2018,50,2,3
12-13-18,50,12,2018,50,3,3
12-14-18,50,12,2018,50,4,3
12-15-18,50,12,2018,50,5,3
12-16-18,50,12,2018,50,6,3
12-17-18,51,12,2018,51,0,4
12-18-18,51,12,2018,51,1,4
12-19-18,51,12,2018,51,2,4
12-20-18,51,12,2018,51,3,4
12-21-18,51,12,2018,51,4,4
12-22-18,51,12,2018,51,5,4
12-23-18,51,12,2018,51,6,4
12-24-18,52,12,2018,52,0,5
12-25-18,52,12,2018,52,1,5
12-26-18,52,12,2018,52,2,5
12-27-18,52,12,2018,52,3,5
12-28-18,52,12,2018,52,4,5
12-29-18,52,12,2018,52,5,5
12-30-18,52,12,2018,52,6,5
12-31-18,1,12,2018,1,0,6
01-01-19,1,1,2019,1,1,1
01-02-19,1,1,2019,1,2,1
01-03-19,1,1,2019,1,3,1
01-04-19,1,1,2019,1,4,1
01-05-19,1,1,2019,1,5,1
01-06-19,1,1,2019,1,6,1
01-07-19,2,1,2019,2,0,2
01-08-19,2,1,2019,2,1,2
01-09-19,2,1,2019,2,2,2
01-10-19,2,1,2019,2,3,2
01-11-19,2,1,2019,2,4,2
01-12-19,2,1,2019,2,5,2
01-13-19,2,1,2019,2,6,2
01-14-19,3,1,2019,3,0,3
01-15-19,3,1,2019,3,1,3
01-16-19,3,1,2019,3,2,3
01-17-19,3,1,2019,3,3,3
01-18-19,3,1,2019,3,4,3
01-19-19,3,1,2019,3,5,3
01-20-19,3,1,2019,3,6,3
01-21-19,4,1,2019,4,0,4
01-22-19,4,1,2019,4,1,4
01-23-19,4,1,2019,4,2,4
01-24-19,4,1,2019,4,3,4
01-25-19,4,1,2019,4,4,4
01-26-19,4,1,2019,4,5,4
01-27-19,4,1,2019,4,6,4
01-28-19,5,1,2019,5,0,5
01-29-19,5,1,2019,5,1,5
01-30-19,5,1,2019,5,2,5
01-31-19,5,1,2019,5,3,5
02-01-19,5,2,2019,5,4,1
02-02-19,5,2,2019,5,5,1
02-03-19,5,2,2019,5,6,1
02-04-19,6,2,2019,6,0,2
02-05-19,6,2,2019,6,1,2
02-06-19,6,2,2019,6,2,2
02-07-19,6,2,2019,6,3,2
02-08-19,6,2,2019,6,4,2
02-09-19,6,2,2019,6,5,2
02-10-19,6,2,2019,6,6,2
02-11-19,7,2,2019,7,0,3
02-12-19,7,2,2019,7,1,3
02-13-19,7,2,2019,7,2,3
02-14-19,7,2,2019,7,3,3
02-15-19,7,2,2019,7,4,3
02-16-19,7,2,2019,7,5,3
02-17-19,7,2,2019,7,6,3
02-18-19,8,2,2019,8,0,4
02-19-19,8,2,2019,8,1,4
02-20-19,8,2,2019,8,2,4
02-21-19,8,2,2019,8,3,4
02-22-19,8,2,2019,8,4,4
02-23-19,8,2,2019,8,5,4
02-24-19,8,2,2019,8,6,4
02-25-19,9,2,2019,9,0,5
02-26-19,9,2,2019,9,1,5
02-27-19,9,2,2019,9,2,5
02-28-19,9,2,2019,9,3,5
03-01-19,9,3,2019,9,4,1
03-02-19,9,3,2019,9,5,1
03-03-19,9,3,2019,9,6,1
03-04-19,10,3,2019,10,0,2
03-05-19,10,3,2019,10,1,2
03-06-19,10,3,2019,10,2,2
03-07-19,10,3,2019,10,3,2
03-08-19,10,3,2019,10,4,2
03-09-19,10,3,2019,10,5,2
03-10-19,10,3,2019,10,6,2
03-11-19,11,3,2019,11,0,3
03-12-19,11,3,2019,11,1,3
03-13-19,11,3,2019,11,2,3
03-14-19,11,3,2019,11,3,3
03-15-19,11,3,2019,11,4,3
03-16-19,11,3,2019,11,5,3
03-17-19,11,3,2019,11,6,3
03-18-19,12,3,2019,12,0,4
03-19-19,12,3,2019,12,1,4
03-20-19,12,3,2019,12,2,4
03-21-19,12,3,2019,12,3,4
03-22-19,12,3,2019,12,4,4
03-23-19,12,3,2019,12,5,4
03-24-19,12,3,2019,12,6,4
03-25-19,13,3,2019,13,0,5
03-26-19,13,3,2019,13,1,5
03-27-19,13,3,2019,13,2,5
03-28-19,13,3,2019,13,3,5
03-29-19,13,3,2019,13,4,5
03-30-19,13,3,2019,13,5,5
03-31-19,13,3,2019,13,6,5
04-01-19,14,4,2019,14,0,1
04-02-19,14,4,2019,14,1,1
04-03-19,14,4,2019,14,2,1
04-04-19,14,4,2019,14,3,1
04-05-19,14,4,2019,14,4,1
04-06-19,14,4,2019,14,5,1
04-07-19,14,4,2019,14,6,1
04-08-19,15,4,2019,15,0,2
04-09-19,15,4,2019,15,1,2
04-10-19,15,4,2019,15,2,2
04-11-19,15,4,2019,15,3,2
04-12-19,15,4,2019,15,4,2
04-13-19,15,4,2019,15,5,2
04-14-19,15,4,2019,15,6,2
04-15-19,16,4,2019,16,0,3
04-16-19,16,4,2019,16,1,3
04-17-19,16,4,2019,16,2,3
04-18-19,16,4,2019,16,3,3
04-19-19,16,4,2019,16,4,3
04-20-19,16,4,2019,16,5,3
04-21-19,16,4,2019,16,6,3
04-22-19,17,4,2019,17,0,4
04-23-19,17,4,2019,17,1,4
04-24-19,17,4,2019,17,2,4
04-25-19,17,4,2019,17,3,4
04-26-19,17,4,2019,17,4,4
04-27-19,17,4,2019,17,5,4
04-28-19,17,4,2019,17,6,4
04-29-19,18,4,2019,18,0,5
04-30-19,18,4,2019,18,1,5
05-01-19,18,5,2019,18,2,1
05-02-19,18,5,2019,18,3,1
05-03-19,18,5,2019,18,4,1
05-04-19,18,5,2019,18,5,1
05-05-19,18,5,2019,18,6,1
05-06-19,19,5,2019,19,0,2
05-07-19,19,5,2019,19,1,2
05-08-19,19,5,2019,19,2,2
05-09-19,19,5,2019,19,3,2
05-10-19,19,5,2019,19,4,2
05-11-19,19,5,2019,19,5,2
05-12-19,19,5,2019,19,6,2
05-13-19,20,5,2019,20,0,3
05-14-19,20,5,2019,20,1,3
05-15-19,20,5,2019,20,2,3
05-16-19,20,5,2019,20,3,3
05-17-19,20,5,2019,20,4,3
05-18-19,20,5,2019,20,5,3
05-19-19,20,5,2019,20,6,3
05-20-19,21,5,2019,21,0,4
05-21-19,21,5,2019,21,1,4
05-22-19,21,5,2019,21,2,4
05-23-19,21,5,2019,21,3,4
05-24-19,21,5,2019,21,4,4
05-25-19,21,5,2019,21,5,4
05-26-19,21,5,2019,21,6,4
05-27-19,22,5,2019,22,0,5
05-28-19,22,5,2019,22,1,5
05-29-19,22,5,2019,22,2,5
05-30-19,22,5,2019,22,3,5
05-31-19,22,5,2019,22,4,5
06-01-19,22,6,2019,22,5,1
06-02-19,22,6,2019,22,6,1
06-03-19,23,6,2019,23,0,2
06-04-19,23,6,2019,23,1,2
06-05-19,23,6,2019,23,2,2
06-06-19,23,6,2019,23,3,2
06-07-19,23,6,2019,23,4,2
06-08-19,23,6,2019,23,5,2
06-09-19,23,6,2019,23,6,2
06-10-19,24,6,2019,24,0,3
06-11-19,24,6,2019,24,1,3
06-12-19,24,6,2019,24,2,3
06-13-19,24,6,2019,24,3,3
06-14-19,24,6,2019,24,4,3
06-15-19,24,6,2019,24,5,3
06-16-19,24,6,2019,24,6,3
06-17-19,25,6,2019,25,0,4
06-18-19,25,6,2019,25,1,4
06-19-19,25,6,2019,25,2,4
06-20-19,25,6,2019,25,3,4
06-21-19,25,6,2019,25,4,4
06-22-19,25,6,2019,25,5,4
06-23-19,25,6,2019,25,6,4
06-24-19,26,6,2019,26,0,5
06-25-19,26,6,2019,26,1,5
06-26-19,26,6,2019,26,2,5
06-27-19,26,6,2019,26,3,5
06-28-19,26,6,2019,26,4,5
06-29-19,26,6,2019,26,5,5
06-30-19,26,6,2019,26,6,5
07-01-19,27,7,2019,27,0,1
07-02-19,27,7,2019,27,1,1
07-03-19,27,7,2019,27,2,1
07-04-19,27,7,2019,27,3,1
07-05-19,27,7,2019,27,4,1
07-06-19,27,7,2019,27,5,1
07-07-19,27,7,2019,27,6,1
07-08-19,28,7,2019,28,0,2
07-09-19,28,7,2019,28,1,2
07-10-19,28,7,2019,28,2,2
07-11-19,28,7,2019,28,3,2
07-12-19,28,7,2019,28,4,2
07-13-19,28,7,2019,28,5,2
07-14-19,28,7,2019,28,6,2
07-15-19,29,7,2019,29,0,3
07-16-19,29,7,2019,29,1,3
07-17-19,29,7,2019,29,2,3
07-18-19,29,7,2019,29,3,3
07-19-19,29,7,2019,29,4,3
07-20-19,29,7,2019,29,5,3
07-21-19,29,7,2019,29,6,3
07-22-19,30,7,2019,30,0,4
07-23-19,30,7,2019,30,1,4
07-24-19,30,7,2019,30,2,4
07-25-19,30,7,2019,30,3,4
07-26-19,30,7,2019,30,4,4
07-27-19,30,7,2019,30,5,4
07-28-19,30,7,2019,30,6,4
07-29-19,31,7,2019,31,0,5
07-30-19,31,7,2019,31,1,5
07-31-19,31,7,2019,31,2,5
08-01-19,31,8,2019,31,3,1
08-02-19,31,8,2019,31,4,1
08-03-19,31,8,2019,31,5,1
08-04-19,31,8,2019,31,6,1
08-05-19,32,8,2019,32,0,2
08-06-19,32,8,2019,32,1,2
08-07-19,32,8,2019,32,2,2
08-08-19,32,8,2019,32,3,2
08-09-19,32,8,2019,32,4,2
08-10-19,32,8,2019,32,5,2
08-11-19,32,8,2019,32,6,2
08-12-19,33,8,2019,33,0,3
08-13-19,33,8,2019,33,1,3
08-14-19,33,8,2019,33,2,3
08-15-19,33,8,2019,33,3,3
08-16-19,33,8,2019,33,4,3
08-17-19,33,8,2019,33,5,3
08-18-19,33,8,2019,33,6,3
08-19-19,34,8,2019,34,0,4
08-20-19,34,8,2019,34,1,4
08-21-19,34,8,2019,34,2,4
08-22-19,34,8,2019,34,3,4
08-23-19,34,8,2019,34,4,4
08-24-19,34,8,2019,34,5,4
08-25-19,34,8,2019,34,6,4
08-26-19,35,8,2019,35,0,5
08-27-19,35,8,2019,35,1,5
08-28-19,35,8,2019,35,2,5
08-29-19,35,8,2019,35,3,5
08-30-19,35,8,2019,35,4,5
08-31-19,35,8,2019,35,5,5
09-01-19,35,9,2019,35,6,1
09-02-19,36,9,2019,36,0,2
09-03-19,36,9,2019,36,1,2
09-04-19,36,9,2019,36,2,2
09-05-19,36,9,2019,36,3,2
09-06-19,36,9,2019,36,4,2
09-07-19,36,9,2019,36,5,2
09-08-19,36,9,2019,36,6,2
09-09-19,37,9,2019,37,0,3
09-10-19,37,9,2019,37,1,3
09-11-19,37,9,2019,37,2,3
09-12-19,37,9,2019,37,3,3
09-13-19,37,9,2019,37,4,3
09-14-19,37,9,2019,37,5,3
09-15-19,37,9,2019,37,6,3
09-16-19,38,9,2019,38,0,4
09-17-19,38,9,2019,38,1,4
09-18-19,38,9,2019,38,2,4
09-19-19,38,9,2019,38,3,4
09-20-19,38,9,2019,38,4,4
09-21-19,38,9,2019,38,5,4
09-22-19,38,9,2019,38,6,4
09-23-19,39,9,2019,39,0,5
09-24-19,39,9,2019,39,1,5
09-25-19,39,9,2019,39,2,5
09-26-19,39,9,2019,39,3,5
09-27-19,39,9,2019,39,4,5
09-28-19,39,9,2019,39,5,5
09-29-19,39,9,2019,39,6,5
09-30-19,40,9,2019,40,0,6
10-01-19,40,10,2019,40,1,1
10-02-19,40,10,2019,40,2,1
10-03-19,40,10,2019,40,3,1
10-04-19,40,10,2019,40,4,1
10-05-19,40,10,2019,40,5,1
10-06-19,40,10,2019,40,6,1
10-07-19,41,10,2019,41,0,2
10-08-19,41,10,2019,41,1,2
10-09-19,41,10,2019,41,2,2
10-10-19,41,10,2019,41,3,2
10-11-19,41,10,2019,41,4,2
10-12-19,41,10,2019,41,5,2
10-13-19,41,10,2019,41,6,2
10-14-19,42,10,2019,42,0,3
10-15-19,42,10,2019,42,1,3
10-16-19,42,10,2019,42,2,3
10-17-19,42,10,2019,42,3,3
10-18-19,42,10,2019,42,4,3
10-19-19,42,10,2019,42,5,3
10-20-19,42,10,2019,42,6,3
10-21-19,43,10,2019,43,0,4
10-22-19,43,10,2019,43,1,4
10-23-19,43,10,2019,43,2,4
10-24-19,43,10,2019,43,3,4
10-25-19,43,10,2019,43,4,4
10-26-19,43,10,2019,43,5,4
10-27-19,43,10,2019,43,6,4
10-28-19,44,10,2019,44,0,5
10-29-19,44,10,2019,44,1,5
10-30-19,44,10,2019,44,2,5
10-31-19,44,10,2019,44,3,5
11-01-19,44,11,2019,44,4,1
11-02-19,44,11,2019,44,5,1
11-03-19,44,11,2019,44,6,1
11-04-19,45,11,2019,45,0,2
11-05-19,45,11,2019,45,1,2
11-06-19,45,11,2019,45,2,2
11-07-19,45,11,2019,45,3,2
11-08-19,45,11,2019,45,4,2
11-09-19,45,11,2019,45,5,2
11-10-19,45,11,2019,45,6,2
11-11-19,46,11,2019,46,0,3
11-12-19,46,11,2019,46,1,3
11-13-19,46,11,2019,46,2,3
11-14-19,46,11,2019,46,3,3
11-15-19,46,11,2019,46,4,3
11-16-19,46,11,2019,46,5,3
11-17-19,46,11,2019,46,6,3
11-18-19,47,11,2019,47,0,4
11-19-19,47,11,2019,47,1,4
11-20-19,47,11,2019,47,2,4
11-21-19,47,11,2019,47,3,4
11-22-19,47,11,2019,47,4,4
11-23-19,47,11,2019,47,5,4
11-24-19,47,11,2019,47,6,4
11-25-19,48,11,2019,48,0,5
11-26-19,48,11,2019,48,1,5
11-27-19,48,11,2019,48,2,5
11-28-19,48,11,2019,48,3,5
11-29-19,48,11,2019,48,4,5
11-30-19,48,11,2019,48,5,5
12-01-19,48,12,2019,48,6,1
12-02-19,49,12,2019,49,0,2
12-03-19,49,12,2019,49,1,2
12-04-19,49,12,2019,49,2,2
12-05-19,49,12,2019,49,3,2
12-06-19,49,12,2019,49,4,2
12-07-19,49,12,2019,49,5,2
12-08-19,49,12,2019,49,6,2
12-09-19,50,12,2019,50,0,3
12-10-19,50,12,2019,50,1,3
12-11-19,50,12,2019,50,2,3
12-12-19,50,12,2019,50,3,3
12-13-19,50,12,2019,50,4,3
12-14-19,50,12,2019,50,5,3
12-15-19,50,12,2019,50,6,3
12-16-19,51,12,2019,51,0,4
12-17-19,51,12,2019,51,1,4
12-18-19,51,12,2019,51,2,4
12-19-19,51,12,2019,51,3,4
12-20-19,51,12,2019,51,4,4
12-21-19,51,12,2019,51,5,4
12-22-19,51,12,2019,51,6,4
12-23-19,52,12,2019,52,0,5
12-24-19,52,12,2019,52,1,5
12-25-19,52,12,2019,52,2,5
12-26-19,52,12,2019,52,3,5
12-27-19,52,12,2019,52,4,5
12-28-19,52,12,2019,52,5,5
12-29-19,52,12,2019,52,6,5
12-30-19,1,12,2019,1,0,6
12-31-19,1,12,2019,1,1,6
01-01-20,1,1,2020,1,2,1
01-02-20,1,1,2020,1,3,1
01-03-20,1,1,2020,1,4,1
01-04-20,1,1,2020,1,5,1
01-05-20,1,1,2020,1,6,1
01-06-20,2,1,2020,2,0,2
01-07-20,2,1,2020,2,1,2
01-08-20,2,1,2020,2,2,2
01-09-20,2,1,2020,2,3,2
01-10-20,2,1,2020,2,4,2
01-11-20,2,1,2020,2,5,2
01-12-20,2,1,2020,2,6,2
01-13-20,3,1,2020,3,0,3
01-14-20,3,1,2020,3,1,3
01-15-20,3,1,2020,3,2,3
01-16-20,3,1,2020,3,3,3
01-17-20,3,1,2020,3,4,3
01-18-20,3,1,2020,3,5,3
01-19-20,3,1,2020,3,6,3
01-20-20,4,1,2020,4,0,4
01-21-20,4,1,2020,4,1,4
01-22-20,4,1,2020,4,2,4
01-23-20,4,1,2020,4,3,4
01-24-20,4,1,2020,4,4,4
01-25-20,4,1,2020,4,5,4
01-26-20,4,1,2020,4,6,4
01-27-20,5,1,2020,5,0,5
01-28-20,5,1,2020,5,1,5
01-29-20,5,1,2020,5,2,5
01-30-20,5,1,2020,5,3,5
01-31-20,5,1,2020,5,4,5
02-01-20,5,2,2020,5,5,1
02-02-20,5,2,2020,5,6,1
02-03-20,6,2,2020,6,0,2
02-04-20,6,2,2020,6,1,2
02-05-20,6,2,2020,6,2,2
02-06-20,6,2,2020,6,3,2
02-07-20,6,2,2020,6,4,2
02-08-20,6,2,2020,6,5,2
02-09-20,6,2,2020,6,6,2
02-10-20,7,2,2020,7,0,3
02-11-20,7,2,2020,7,1,3
02-12-20,7,2,2020,7,2,3
02-13-20,7,2,2020,7,3,3
02-14-20,7,2,2020,7,4,3
02-15-20,7,2,2020,7,5,3
02-16-20,7,2,2020,7,6,3
02-17-20,8,2,2020,8,0,4
02-18-20,8,2,2020,8,1,4
02-19-20,8,2,2020,8,2,4
02-20-20,8,2,2020,8,3,4
02-21-20,8,2,2020,8,4,4
02-22-20,8,2,2020,8,5,4
02-23-20,8,2,2020,8,6,4
02-24-20,9,2,2020,9,0,5
02-25-20,9,2,2020,9,1,5
02-26-20,9,2,2020,9,2,5
02-27-20,9,2,2020,9,3,5
02-28-20,9,2,2020,9,4,5
02-29-20,9,2,2020,9,5,5
03-01-20,9,3,2020,9,6,1
03-02-20,10,3,2020,10,0,2
03-03-20,10,3,2020,10,1,2
03-04-20,10,3,2020,10,2,2
03-05-20,10,3,2020,10,3,2
03-06-20,10,3,2020,10,4,2
03-07-20,10,3,2020,10,5,2
03-08-20,10,3,2020,10,6,2
03-09-20,11,3,2020,11,0,3
03-10-20,11,3,2020,11,1,3
03-11-20,11,3,2020,11,2,3
03-12-20,11,3,2020,11,3,3
03-13-20,11,3,2020,11,4,3
03-14-20,11,3,2020,11,5,3
03-15-20,11,3,2020,11,6,3
03-16-20,12,3,2020,12,0,4
03-17-20,12,3,2020,12,1,4
03-18-20,12,3,2020,12,2,4
03-19-20,12,3,2020,12,3,4
03-20-20,12,3,2020,12,4,4
03-21-20,12,3,2020,12,5,4
03-22-20,12,3,2020,12,6,4
03-23-20,13,3,2020,13,0,5
03-24-20,13,3,2020,13,1,5
03-25-20,13,3,2020,13,2,5
03-26-20,13,3,2020,13,3,5
03-27-20,13,3,2020,13,4,5
03-28-20,13,3,2020,13,5,5
03-29-20,13,3,2020,13,6,5
03-30-20,14,3,2020,14,0,6
03-31-20,14,3,2020,14,1,6
04-01-20,14,4,2020,14,2,1
04-02-20,14,4,2020,14,3,1
04-03-20,14,4,2020,14,4,1
04-04-20,14,4,2020,14,5,1
04-05-20,14,4,2020,14,6,1
04-06-20,15,4,2020,15,0,2
04-07-20,15,4,2020,15,1,2
04-08-20,15,4,2020,15,2,2
04-09-20,15,4,2020,15,3,2
04-10-20,15,4,2020,15,4,2
04-11-20,15,4,2020,15,5,2
04-12-20,15,4,2020,15,6,2
04-13-20,16,4,2020,16,0,3
04-14-20,16,4,2020,16,1,3
04-15-20,16,4,2020,16,2,3
04-16-20,16,4,2020,16,3,3
04-17-20,16,4,2020,16,4,3
04-18-20,16,4,2020,16,5,3
04-19-20,16,4,2020,16,6,3
04-20-20,17,4,2020,17,0,4
04-21-20,17,4,2020,17,1,4
04-22-20,17,4,2020,17,2,4
04-23-20,17,4,2020,17,3,4
04-24-20,17,4,2020,17,4,4
04-25-20,17,4,2020,17,5,4
04-26-20,17,4,2020,17,6,4
04-27-20,18,4,2020,18,0,5
04-28-20,18,4,2020,18,1,5
04-29-20,18,4,2020,18,2,5
04-30-20,18,4,2020,18,3,5
05-01-20,18,5,2020,18,4,1
05-02-20,18,5,2020,18,5,1
05-03-20,18,5,2020,18,6,1
05-04-20,19,5,2020,19,0,2
05-05-20,19,5,2020,19,1,2
05-06-20,19,5,2020,19,2,2
05-07-20,19,5,2020,19,3,2
05-08-20,19,5,2020,19,4,2
05-09-20,19,5,2020,19,5,2
05-10-20,19,5,2020,19,6,2
05-11-20,20,5,2020,20,0,3
05-12-20,20,5,2020,20,1,3
05-13-20,20,5,2020,20,2,3
05-14-20,20,5,2020,20,3,3
05-15-20,20,5,2020,20,4,3
05-16-20,20,5,2020,20,5,3
05-17-20,20,5,2020,20,6,3
05-18-20,21,5,2020,21,0,4
05-19-20,21,5,2020,21,1,4
05-20-20,21,5,2020,21,2,4
05-21-20,21,5,2020,21,3,4
05-22-20,21,5,2020,21,4,4
05-23-20,21,5,2020,21,5,4
05-24-20,21,5,2020,21,6,4
05-25-20,22,5,2020,22,0,5
05-26-20,22,5,2020,22,1,5
05-27-20,22,5,2020,22,2,5
05-28-20,22,5,2020,22,3,5
05-29-20,22,5,2020,22,4,5
05-30-20,22,5,2020,22,5,5
05-31-20,22,5,2020,22,6,5
06-01-20,23,6,2020,23,0,1
06-02-20,23,6,2020,23,1,1
06-03-20,23,6,2020,23,2,1
06-04-20,23,6,2020,23,3,1
06-05-20,23,6,2020,23,4,1
06-06-20,23,6,2020,23,5,1
06-07-20,23,6,2020,23,6,1
06-08-20,24,6,2020,24,0,2
06-09-20,24,6,2020,24,1,2
06-10-20,24,6,2020,24,2,2
06-11-20,24,6,2020,24,3,2
06-12-20,24,6,2020,24,4,2
06-13-20,24,6,2020,24,5,2
06-14-20,24,6,2020,24,6,2
06-15-20,25,6,2020,25,0,3
06-16-20,25,6,2020,25,1,3
06-17-20,25,6,2020,25,2,3
06-18-20,25,6,2020,25,3,3
06-19-20,25,6,2020,25,4,3
06-20-20,25,6,2020,25,5,3
06-21-20,25,6,2020,25,6,3
06-22-20,26,6,2020,26,0,4
06-23-20,26,6,2020,26,1,4
06-24-20,26,6,2020,26,2,4
06-25-20,26,6,2020,26,3,4
06-26-20,26,6,2020,26,4,4
06-27-20,26,6,2020,26,5,4
06-28-20,26,6,2020,26,6,4
06-29-20,27,6,2020,27,0,5
06-30-20,27,6,2020,27,1,5
07-01-20,27,7,2020,27,2,1
07-02-20,27,7,2020,27,3,1
07-03-20,27,7,2020,27,4,1
07-04-20,27,7,2020,27,5,1
07-05-20,27,7,2020,27,6,1
07-06-20,28,7,2020,28,0,2
07-07-20,28,7,2020,28,1,2
07-08-20,28,7,2020,28,2,2
07-09-20,28,7,2020,28,3,2
07-10-20,28,7,2020,28,4,2
07-11-20,28,7,2020,28,5,2
07-12-20,28,7,2020,28,6,2
07-13-20,29,7,2020,29,0,3
07-14-20,29,7,2020,29,1,3
07-15-20,29,7,2020,29,2,3
07-16-20,29,7,2020,29,3,3
07-17-20,29,7,2020,29,4,3
07-18-20,29,7,2020,29,5,3
07-19-20,29,7,2020,29,6,3
07-20-20,30,7,2020,30,0,4
07-21-20,30,7,2020,30,1,4
07-22-20,30,7,2020,30,2,4
07-23-20,30,7,2020,30,3,4
07-24-20,30,7,2020,30,4,4
07-25-20,30,7,2020,30,5,4
07-26-20,30,7,2020,30,6,4
07-27-20,31,7,2020,31,0,5
07-28-20,31,7,2020,31,1,5
07-29-20,31,7,2020,31,2,5
07-30-20,31,7,2020,31,3,5
07-31-20,31,7,2020,31,4,5
08-01-20,31,8,2020,31,5,1
08-02-20,31,8,2020,31,6,1
08-03-20,32,8,2020,32,0,2
08-04-20,32,8,2020,32,1,2
08-05-20,32,8,2020,32,2,2
08-06-20,32,8,2020,32,3,2
08-07-20,32,8,2020,32,4,2
08-08-20,32,8,2020,32,5,2
08-09-20,32,8,2020,32,6,2
08-10-20,33,8,2020,33,0,3
08-11-20,33,8,2020,33,1,3
08-12-20,33,8,2020,33,2,3
08-13-20,33,8,2020,33,3,3
08-14-20,33,8,2020,33,4,3
08-15-20,33,8,2020,33,5,3
08-16-20,33,8,2020,33,6,3
08-17-20,34,8,2020,34,0,4
08-18-20,34,8,2020,34,1,4
08-19-20,34,8,2020,34,2,4
08-20-20,34,8,2020,34,3,4
08-21-20,34,8,2020,34,4,4
08-22-20,34,8,2020,34,5,4
08-23-20,34,8,2020,34,6,4
08-24-20,35,8,2020,35,0,5
08-25-20,35,8,2020,35,1,5
08-26-20,35,8,2020,35,2,5
08-27-20,35,8,2020,35,3,5
08-28-20,35,8,2020,35,4,5
08-29-20,35,8,2020,35,5,5
08-30-20,35,8,2020,35,6,5
08-31-20,36,8,2020,36,0,6
09-01-20,36,9,2020,36,1,1
09-02-20,36,9,2020,36,2,1
09-03-20,36,9,2020,36,3,1
09-04-20,36,9,2020,36,4,1
09-05-20,36,9,2020,36,5,1
09-06-20,36,9,2020,36,6,1
09-07-20,37,9,2020,37,0,2
09-08-20,37,9,2020,37,1,2
09-09-20,37,9,2020,37,2,2
09-10-20,37,9,2020,37,3,2
09-11-20,37,9,2020,37,4,2
09-12-20,37,9,2020,37,5,2
09-13-20,37,9,2020,37,6,2
09-14-20,38,9,2020,38,0,3
09-15-20,38,9,2020,38,1,3
09-16-20,38,9,2020,38,2,3
09-17-20,38,9,2020,38,3,3
09-18-20,38,9,2020,38,4,3
09-19-20,38,9,2020,38,5,3
09-20-20,38,9,2020,38,6,3
09-21-20,39,9,2020,39,0,4
09-22-20,39,9,2020,39,1,4
09-23-20,39,9,2020,39,2,4
09-24-20,39,9,2020,39,3,4
09-25-20,39,9,2020,39,4,4
09-26-20,39,9,2020,39,5,4
09-27-20,39,9,2020,39,6,4
09-28-20,40,9,2020,40,0,5
09-29-20,40,9,2020,40,1,5
09-30-20,40,9,2020,40,2,5
10-01-20,40,10,2020,40,3,1
10-02-20,40,10,2020,40,4,1
10-03-20,40,10,2020,40,5,1
10-04-20,40,10,2020,40,6,1
10-05-20,41,10,2020,41,0,2
10-06-20,41,10,2020,41,1,2
10-07-20,41,10,2020,41,2,2
10-08-20,41,10,2020,41,3,2
10-09-20,41,10,2020,41,4,2
10-10-20,41,10,2020,41,5,2
10-11-20,41,10,2020,41,6,2
10-12-20,42,10,2020,42,0,3
10-13-20,42,10,2020,42,1,3
10-14-20,42,10,2020,42,2,3
10-15-20,42,10,2020,42,3,3
10-16-20,42,10,2020,42,4,3
10-17-20,42,10,2020,42,5,3
10-18-20,42,10,2020,42,6,3
10-19-20,43,10,2020,43,0,4
10-20-20,43,10,2020,43,1,4
10-21-20,43,10,2020,43,2,4
10-22-20,43,10,2020,43,3,4
10-23-20,43,10,2020,43,4,4
10-24-20,43,10,2020,43,5,4
10-25-20,43,10,2020,43,6,4
10-26-20,44,10,2020,44,0,5
10-27-20,44,10,2020,44,1,5
10-28-20,44,10,2020,44,2,5
10-29-20,44,10,2020,44,3,5
10-30-20,44,10,2020,44,4,5
10-31-20,44,10,2020,44,5,5
11-01-20,44,11,2020,44,6,1
11-02-20,45,11,2020,45,0,2
11-03-20,45,11,2020,45,1,2
11-04-20,45,11,2020,45,2,2
11-05-20,45,11,2020,45,3,2
11-06-20,45,11,2020,45,4,2
11-07-20,45,11,2020,45,5,2
11-08-20,45,11,2020,45,6,2
11-09-20,46,11,2020,46,0,3
11-10-20,46,11,2020,46,1,3
11-11-20,46,11,2020,46,2,3
11-12-20,46,11,2020,46,3,3
11-13-20,46,11,2020,46,4,3
11-14-20,46,11,2020,46,5,3
11-15-20,46,11,2020,46,6,3
11-16-20,47,11,2020,47,0,4
11-17-20,47,11,2020,47,1,4
11-18-20,47,11,2020,47,2,4
11-19-20,47,11,2020,47,3,4
11-20-20,47,11,2020,47,4,4
11-21-20,47,11,2020,47,5,4
11-22-20,47,11,2020,47,6,4
11-23-20,48,11,2020,48,0,5
11-24-20,48,11,2020,48,1,5
11-25-20,48,11,2020,48,2,5
11-26-20,48,11,2020,48,3,5
11-27-20,48,11,2020,48,4,5
11-28-20,48,11,2020,48,5,5
11-29-20,48,11,2020,48,6,5
11-30-20,49,11,2020,49,0,6
12-01-20,49,12,2020,49,1,1
12-02-20,49,12,2020,49,2,1
12-03-20,49,12,2020,49,3,1
12-04-20,49,12,2020,49,4,1
12-05-20,49,12,2020,49,5,1
12-06-20,49,12,2020,49,6,1
12-07-20,50,12,2020,50,0,2
12-08-20,50,12,2020,50,1,2
12-09-20,50,12,2020,50,2,2
12-10-20,50,12,2020,50,3,2
12-11-20,50,12,2020,50,4,2
12-12-20,50,12,2020,50,5,2
12-13-20,50,12,2020,50,6,2
12-14-20,51,12,2020,51,0,3
12-15-20,51,12,2020,51,1,3
12-16-20,51,12,2020,51,2,3
12-17-20,51,12,2020,51,3,3
12-18-20,51,12,2020,51,4,3
12-19-20,51,12,2020,51,5,3
12-20-20,51,12,2020,51,6,3
12-21-20,52,12,2020,52,0,4
12-22-20,52,12,2020,52,1,4
12-23-20,52,12,2020,52,2,4
12-24-20,52,12,2020,52,3,4
12-25-20,52,12,2020,52,4,4
12-26-20,52,12,2020,52,5,4
12-27-20,52,12,2020,52,6,4
12-28-20,53,12,2020,53,0,5
