6969,33,639,nan,nan,46
6969,33,267,nan,nan,46
6969,33,670,nan,nan,46
6969,33,283,nan,nan,46
6969,33,558,nan,nan,46
6969,33,633,nan,nan,46
6969,33,301,nan,nan,46
6969,33,354,nan,nan,46
6969,33,248,nan,nan,46
6969,33,44,nan,nan,46
6969,33,527,nan,nan,46
6969,33,153,nan,nan,46
6969,33,589,nan,nan,46
6969,46,292,nan,nan,46
6969,46,555,nan,nan,46
6969,46,273,nan,nan,46
6969,46,25,nan,nan,46
6969,46,94,nan,nan,46
6969,46,692,nan,nan,46
6969,46,118,nan,nan,46
6969,46,68,nan,nan,46
6969,46,580,nan,nan,46
6969,46,540,nan,nan,46
6969,46,330,nan,nan,46
6969,46,610,nan,nan,46
6969,46,487,nan,nan,46
6969,46,194,nan,nan,46
6969,46,593,nan,nan,46
6969,46,72,nan,nan,46
6969,50,385,nan,nan,46
6969,50,619,nan,nan,46
6969,50,429,nan,nan,46
6969,50,371,nan,nan,46
6969,50,342,nan,nan,46
6969,50,134,nan,nan,46
6969,50,437,nan,nan,46
6969,50,346,nan,nan,46
6969,50,442,nan,nan,46
6969,50,646,nan,nan,46
6969,62,519,nan,nan,46
6969,62,8,nan,nan,46
6969,62,174,nan,nan,46
6969,62,282,nan,nan,46
6969,62,281,nan,nan,46
6969,62,419,nan,nan,46
6969,62,353,nan,nan,46
6969,62,176,nan,nan,46
6969,69,690,nan,nan,46
6969,69,549,nan,nan,46
6969,69,560,nan,nan,46
6969,69,424,2,0.1,46
6969,69,263,nan,nan,46
6969,69,572,nan,nan,46
6969,69,409,nan,nan,46
6969,69,120,nan,nan,46
6969,69,223,nan,nan,46
6969,69,102,nan,nan,46
6969,69,526,nan,nan,46
6969,69,367,nan,nan,46
6969,69,584,nan,nan,46
6969,69,313,nan,nan,46
6969,79,427,nan,nan,46
6969,79,417,nan,nan,46
6969,79,588,nan,nan,46
6969,79,320,nan,nan,46
6969,79,65,nan,nan,46
6969,79,245,nan,nan,46
6969,79,484,nan,nan,46
6969,79,252,nan,nan,46
6969,79,549,nan,nan,46
6969,79,392,nan,nan,46
6969,79,588,nan,nan,46
6969,79,162,nan,nan,46
6969,79,383,nan,nan,46
6969,79,374,nan,nan,46
6969,79,0,nan,nan,46
6969,79,58,nan,nan,46
6969,79,417,nan,nan,46
6969,81,261,nan,nan,46
6969,81,16,nan,nan,46
6969,81,589,nan,nan,46
6969,81,688,nan,nan,46
6969,81,331,nan,nan,46
6969,81,58,nan,nan,46
6969,81,123,nan,nan,46
6969,81,353,nan,nan,46
6969,81,527,nan,nan,46
6969,81,31,nan,nan,46
6969,81,25,nan,nan,46
6969,81,486,nan,nan,46
6969,81,604,nan,nan,46
6969,100,592,nan,nan,46
6969,100,125,nan,nan,46
6969,100,528,nan,nan,46
6969,100,664,nan,nan,46
6969,100,119,nan,nan,46
6969,100,258,nan,nan,46
6969,100,316,nan,nan,46
6969,100,476,nan,nan,46
6969,100,432,nan,nan,46
6969,100,210,nan,nan,46
6969,100,13,nan,nan,46
6969,118,586,nan,nan,46
6969,118,126,nan,nan,46
6969,118,562,nan,nan,46
6969,118,335,nan,nan,46
6969,118,529,nan,nan,46
6969,118,578,nan,nan,46
6969,118,32,nan,nan,46
6969,118,270,nan,nan,46
6969,118,416,nan,nan,46
6969,118,664,nan,nan,46
6969,118,505,nan,nan,46
6969,134,681,nan,nan,46
6969,134,516,nan,nan,46
6969,134,427,nan,nan,46
6969,134,296,nan,nan,46
6969,134,231,nan,nan,46
6969,134,193,nan,nan,46
6969,134,696,nan,nan,46
6969,134,383,nan,nan,46
6969,134,154,nan,nan,46
6969,134,613,nan,nan,46
6969,138,500,nan,nan,46
6969,138,244,nan,nan,46
6969,138,613,nan,nan,46
6969,138,213,nan,nan,46
6969,138,73,nan,nan,46
6969,138,160,nan,nan,46
6969,138,84,nan,nan,46
6969,138,109,nan,nan,46
6969,138,176,nan,nan,46
6969,138,423,nan,nan,46
6969,138,534,nan,nan,46
6969,138,291,nan,nan,46
6969,151,369,nan,nan,46
6969,151,141,nan,nan,46
6969,151,644,nan,nan,46
6969,151,167,nan,nan,46
6969,151,302,nan,nan,46
6969,151,568,nan,nan,46
6969,151,674,nan,nan,46
6969,151,85,nan,nan,46
6969,151,219,nan,nan,46
6969,151,249,nan,nan,46
6969,151,260,nan,nan,46
6969,151,644,nan,nan,46
6969,151,478,nan,nan,46
6969,151,371,nan,nan,46
6969,151,684,nan,nan,46
6969,151,317,nan,nan,46
6969,151,528,nan,nan,46
6969,151,357,nan,nan,46
6970,2,221,2,0.1,29
6970,2,265,nan,nan,29
6970,2,93,nan,nan,29
6970,2,166,nan,nan,29
6970,2,467,nan,nan,29
6970,2,293,nan,nan,29
6970,2,682,nan,nan,29
6970,2,336,nan,nan,29
6970,2,90,nan,nan,29
6970,2,36,nan,nan,29
6970,2,30,nan,nan,29
6970,2,192,nan,nan,29
6970,8,336,nan,nan,29
6970,8,20,nan,nan,29
6970,8,181,nan,nan,29
6970,8,435,nan,nan,29
6970,8,669,nan,nan,29
6970,8,127,nan,nan,29
6970,8,301,nan,nan,29
6970,8,47,nan,nan,29
6970,8,82,nan,nan,29
6970,8,43,nan,nan,29
6970,8,610,nan,nan,29
6970,8,307,nan,nan,29
6970,12,277,nan,nan,29
6970,12,649,nan,nan,29
6970,12,692,nan,nan,29
6970,12,112,nan,nan,29
6970,12,579,nan,nan,29
6970,12,174,nan,nan,29
6970,12,123,nan,nan,29
6970,12,40,nan,nan,29
6970,12,668,nan,nan,29
6970,12,634,nan,nan,29
6970,15,136,nan,nan,29
6970,15,128,nan,nan,29
6970,15,349,nan,nan,29
6970,15,477,nan,nan,29
6970,15,437,nan,nan,29
6970,15,137,nan,nan,29
6970,15,599,nan,nan,29
6970,15,66,nan,nan,29
6970,15,207,nan,nan,29
6970,15,206,nan,nan,29
6970,15,293,nan,nan,29
6970,15,106,nan,nan,29
6970,15,168,nan,nan,29
6970,15,548,nan,nan,29
6970,16,206,nan,nan,29
6970,16,234,nan,nan,29
6970,16,176,nan,nan,29
6970,16,548,nan,nan,29
6970,16,3,nan,nan,29
6970,16,567,nan,nan,29
6970,16,283,nan,nan,29
6970,16,393,nan,nan,29
6970,16,176,nan,nan,29
6970,16,649,nan,nan,29
6970,16,451,nan,nan,29
6970,16,688,nan,nan,29
6970,16,45,nan,nan,29
6970,16,680,nan,nan,29
6970,17,75,nan,nan,29
6970,17,139,nan,nan,29
6970,17,450,nan,nan,29
6970,17,22,nan,nan,29
6970,17,379,nan,nan,29
6970,17,165,nan,nan,29
6970,17,40,nan,nan,29
6970,17,424,nan,nan,29
6970,17,248,nan,nan,29
6970,17,455,nan,nan,29
6970,17,127,nan,nan,29
6970,17,153,nan,nan,29
6970,17,424,nan,nan,29
6970,17,578,nan,nan,29
6970,17,418,nan,nan,29
6970,17,619,nan,nan,29
6970,17,525,nan,nan,29
6970,17,82,nan,nan,29
6970,17,412,nan,nan,29
6970,17,690,nan,nan,29
6970,17,196,nan,nan,29
6970,35,172,nan,nan,29
6970,35,109,nan,nan,29
6970,35,333,nan,nan,29
6970,35,124,nan,nan,29
6970,35,678,nan,nan,29
6970,35,252,nan,nan,29
6970,35,248,nan,nan,29
6970,35,352,nan,nan,29
6970,35,223,nan,nan,29
6970,35,76,nan,nan,29
6970,35,642,nan,nan,29
6970,35,537,nan,nan,29
6970,35,369,nan,nan,29
6970,35,131,nan,nan,29
6970,42,352,nan,nan,29
6970,42,399,nan,nan,29
6970,42,686,nan,nan,29
6970,42,141,nan,nan,29
6970,42,451,nan,nan,29
6970,42,485,nan,nan,29
6970,42,354,nan,nan,29
6970,42,142,nan,nan,29
6970,42,444,nan,nan,29
6970,42,105,nan,nan,29
6970,42,120,nan,nan,29
6970,42,473,nan,nan,29
6970,42,20,nan,nan,29
6970,42,518,nan,nan,29
6970,42,226,nan,nan,29
6970,42,241,nan,nan,29
6970,44,232,nan,nan,29
6970,44,59,nan,nan,29
6970,44,17,nan,nan,29
6970,44,120,nan,nan,29
6970,44,634,nan,nan,29
6970,44,437,nan,nan,29
6970,44,538,nan,nan,29
6970,44,647,nan,nan,29
6970,44,145,nan,nan,29
6970,44,549,nan,nan,29
6970,44,30,nan,nan,29
6970,44,602,nan,nan,29
6970,44,530,nan,nan,29
6970,54,622,nan,nan,29
6970,54,461,nan,nan,29
6970,54,348,nan,nan,29
6970,54,114,nan,nan,29
6970,56,422,nan,nan,29
6970,56,547,nan,nan,29
6970,56,93,nan,nan,29
6970,56,658,nan,nan,29
6970,56,161,nan,nan,29
6970,56,167,nan,nan,29
6970,56,399,nan,nan,29
6970,56,211,nan,nan,29
6970,56,115,nan,nan,29
6970,56,676,nan,nan,29
6970,56,456,nan,nan,29
6970,56,265,nan,nan,29
6970,58,419,nan,nan,29
6970,58,486,nan,nan,29
6970,58,234,nan,nan,29
6970,58,681,nan,nan,29
6970,58,144,nan,nan,29
6970,58,100,nan,nan,29
6970,58,380,nan,nan,29
6970,58,220,nan,nan,29
6970,58,226,nan,nan,29
6970,58,70,0,0.5,29
6970,58,452,nan,nan,29
6970,59,289,nan,nan,29
6970,59,638,nan,nan,29
6970,59,162,nan,nan,29
6970,59,226,nan,nan,29
6970,59,153,nan,nan,29
6970,59,32,nan,nan,29
6970,59,329,2,0.1,29
6970,59,519,nan,nan,29
6970,59,133,nan,nan,29
6970,59,11,nan,nan,29
6970,59,629,nan,nan,29
6970,59,669,nan,nan,29
6970,59,290,nan,nan,29
6970,61,1,nan,nan,29
6970,61,486,nan,nan,29
6970,61,505,nan,nan,29
6970,61,321,nan,nan,29
6970,61,371,nan,nan,29
6970,61,587,nan,nan,29
6970,61,205,nan,nan,29
6970,61,249,nan,nan,29
6970,61,628,nan,nan,29
6970,61,207,nan,nan,29
6970,61,150,nan,nan,29
6970,61,0,nan,nan,29
6970,61,529,nan,nan,29
6970,61,663,nan,nan,29
6970,61,485,nan,nan,29
6970,61,91,nan,nan,29
6970,61,578,nan,nan,29
6970,62,52,nan,nan,29
6970,62,205,nan,nan,29
6970,62,8,nan,nan,29
6970,62,247,nan,nan,29
6970,62,587,nan,nan,29
6970,62,313,nan,nan,29
6970,62,485,nan,nan,29
6970,62,613,nan,nan,29
6970,62,175,nan,nan,29
6970,62,555,nan,nan,29
6970,62,485,nan,nan,29
6970,62,168,nan,nan,29
6970,62,403,nan,nan,29
6970,62,128,nan,nan,29
6970,63,367,nan,nan,29
6970,63,467,nan,nan,29
6970,63,333,nan,nan,29
6970,63,460,nan,nan,29
6970,63,48,nan,nan,29
6970,63,434,nan,nan,29
6970,63,594,nan,nan,29
6970,63,481,nan,nan,29
6970,64,529,nan,nan,29
6970,64,326,nan,nan,29
6970,64,307,nan,nan,29
6970,64,203,nan,nan,29
6970,64,337,nan,nan,29
6970,64,42,nan,nan,29
6970,64,271,nan,nan,29
6970,64,632,nan,nan,29
6970,67,476,nan,nan,29
6970,67,126,nan,nan,29
6970,67,476,nan,nan,29
6970,67,339,nan,nan,29
6970,67,272,nan,nan,29
6970,67,478,nan,nan,29
6970,67,548,nan,nan,29
6970,67,483,nan,nan,29
6970,67,444,nan,nan,29
6970,67,227,nan,nan,29
6970,67,652,nan,nan,29
6970,67,400,nan,nan,29
6970,67,270,nan,nan,29
6970,67,649,nan,nan,29
6970,67,688,nan,nan,29
6970,68,256,nan,nan,29
6970,68,634,nan,nan,29
6970,68,251,nan,nan,29
6970,68,490,nan,nan,29
6970,68,677,nan,nan,29
6970,68,586,nan,nan,29
6970,68,2,nan,nan,29
6970,68,526,nan,nan,29
6970,68,481,nan,nan,29
6970,68,562,nan,nan,29
6970,73,341,nan,nan,29
6970,73,199,nan,nan,29
6970,73,96,nan,nan,29
6970,73,375,nan,nan,29
6970,73,425,nan,nan,29
6970,73,698,nan,nan,29
6970,73,481,nan,nan,29
6970,73,351,nan,nan,29
6970,73,180,nan,nan,29
6970,73,182,nan,nan,29
6970,73,422,nan,nan,29
6970,73,79,nan,nan,29
6970,73,381,nan,nan,29
6970,75,584,nan,nan,29
6970,75,556,nan,nan,29
6970,75,3,nan,nan,29
6970,75,430,nan,nan,29
6970,75,331,nan,nan,29
6970,75,106,nan,nan,29
6970,75,197,nan,nan,29
6970,75,317,nan,nan,29
6970,75,201,nan,nan,29
6970,75,584,nan,nan,29
6970,75,516,nan,nan,29
6970,75,656,nan,nan,29
6970,75,578,nan,nan,29
6970,75,12,nan,nan,29
6970,75,664,nan,nan,29
6970,75,268,nan,nan,29
6970,76,321,nan,nan,29
6970,76,109,nan,nan,29
6970,76,539,nan,nan,29
6970,76,131,nan,nan,29
6970,76,397,nan,nan,29
6970,76,332,nan,nan,29
6970,76,671,nan,nan,29
6970,76,342,nan,nan,29
6970,76,76,nan,nan,29
6970,76,697,nan,nan,29
6970,76,76,nan,nan,29
6970,76,212,nan,nan,29
6970,76,327,nan,nan,29
6970,77,612,nan,nan,29
6970,77,584,nan,nan,29
6970,77,161,nan,nan,29
6970,77,279,nan,nan,29
6970,77,588,nan,nan,29
6970,77,76,nan,nan,29
6970,77,25,nan,nan,29
6970,77,315,nan,nan,29
6970,77,58,nan,nan,29
6970,77,281,nan,nan,29
6970,77,640,nan,nan,29
6970,77,501,nan,nan,29
6970,77,165,nan,nan,29
6970,77,660,nan,nan,29
6970,77,606,nan,nan,29
6970,77,628,nan,nan,29
6970,77,165,nan,nan,29
6970,77,449,nan,nan,29
6970,79,230,nan,nan,29
6970,79,79,nan,nan,29
6970,79,347,nan,nan,29
6970,79,555,nan,nan,29
6970,79,624,nan,nan,29
6970,79,76,nan,nan,29
6970,79,587,nan,nan,29
6970,79,96,nan,nan,29
6970,79,653,nan,nan,29
6970,83,404,nan,nan,29
6970,83,597,nan,nan,29
6970,83,374,nan,nan,29
6970,83,597,nan,nan,29
6970,83,209,nan,nan,29
6970,83,209,nan,nan,29
6970,83,472,nan,nan,29
6970,83,185,nan,nan,29
6970,83,485,nan,nan,29
6970,83,48,nan,nan,29
6970,83,500,nan,nan,29
6970,83,503,nan,nan,29
6970,83,327,nan,nan,29
6970,83,518,nan,nan,29
6970,84,213,nan,nan,29
6970,84,213,nan,nan,29
6970,84,101,nan,nan,29
6970,84,2,nan,nan,29
6970,84,362,nan,nan,29
6970,84,668,nan,nan,29
6970,84,317,nan,nan,29
6970,84,658,nan,nan,29
6970,84,334,nan,nan,29
6970,84,680,nan,nan,29
6970,84,183,nan,nan,29
6970,84,535,nan,nan,29
6970,87,569,nan,nan,29
6970,87,232,nan,nan,29
6970,87,393,nan,nan,29
6970,87,411,nan,nan,29
6970,87,130,nan,nan,29
6970,87,678,nan,nan,29
6970,87,332,nan,nan,29
6970,87,112,nan,nan,29
6970,87,352,nan,nan,29
6970,87,488,nan,nan,29
6970,87,61,nan,nan,29
6970,106,329,nan,nan,29
6970,106,396,nan,nan,29
6970,106,619,nan,nan,29
6970,106,132,nan,nan,29
6970,106,174,nan,nan,29
6970,106,490,nan,nan,29
6970,106,432,nan,nan,29
6970,106,394,nan,nan,29
6970,106,106,nan,nan,29
6970,107,480,nan,nan,29
6970,107,250,nan,nan,29
6970,107,644,nan,nan,29
6970,107,69,nan,nan,29
6970,107,305,nan,nan,29
6970,107,410,nan,nan,29
6970,107,77,nan,nan,29
6970,107,298,nan,nan,29
6970,107,665,nan,nan,29
6970,108,293,nan,nan,29
6970,108,226,nan,nan,29
6970,108,110,nan,nan,29
6970,108,623,nan,nan,29
6970,108,63,nan,nan,29
6970,108,193,nan,nan,29
6970,108,93,nan,nan,29
6970,108,623,nan,nan,29
6970,108,447,nan,nan,29
6970,108,325,nan,nan,29
6970,108,403,nan,nan,29
6970,108,399,nan,nan,29
6970,109,122,nan,nan,29
6970,109,314,nan,nan,29
6970,109,435,nan,nan,29
6970,109,461,nan,nan,29
6970,109,482,nan,nan,29
6970,109,391,nan,nan,29
6970,109,25,nan,nan,29
6970,109,315,nan,nan,29
6970,109,587,nan,nan,29
6970,109,623,nan,nan,29
6970,109,507,nan,nan,29
6970,109,93,nan,nan,29
6970,109,609,nan,nan,29
6970,117,10,nan,nan,29
6970,117,174,nan,nan,29
6970,117,646,nan,nan,29
6970,117,5,nan,nan,29
6970,117,5,nan,nan,29
6970,117,688,nan,nan,29
6970,117,412,nan,nan,29
6970,117,83,nan,nan,29
6970,117,665,nan,nan,29
6970,117,494,nan,nan,29
6970,117,174,nan,nan,29
6970,117,8,nan,nan,29
6970,117,113,nan,nan,29
6970,117,270,nan,nan,29
6970,119,317,nan,nan,29
6970,119,689,nan,nan,29
6970,119,393,nan,nan,29
6970,119,476,nan,nan,29
6970,119,177,nan,nan,29
6970,119,526,nan,nan,29
6970,119,184,nan,nan,29
6970,119,236,nan,nan,29
6970,119,12,nan,nan,29
6970,119,635,nan,nan,29
6970,119,307,nan,nan,29
6970,119,686,nan,nan,29
6970,126,145,nan,nan,29
6970,126,417,nan,nan,29
6970,126,7,nan,nan,29
6970,126,551,nan,nan,29
6970,126,170,nan,nan,29
6970,126,371,nan,nan,29
6970,126,327,nan,nan,29
6970,126,697,0,0.5,29
6970,126,532,nan,nan,29
6970,126,221,nan,nan,29
6970,126,74,nan,nan,29
6970,126,106,nan,nan,29
6970,126,96,nan,nan,29
6970,126,416,nan,nan,29
6970,134,530,nan,nan,29
6970,134,668,nan,nan,29
6970,134,408,nan,nan,29
6970,134,623,nan,nan,29
6970,134,20,nan,nan,29
6970,134,59,nan,nan,29
6970,134,59,nan,nan,29
6970,134,643,nan,nan,29
6970,134,678,nan,nan,29
6970,134,553,nan,nan,29
6970,134,33,nan,nan,29
6970,134,228,nan,nan,29
6970,134,508,nan,nan,29
6970,134,500,nan,nan,29
6970,134,274,nan,nan,29
6970,134,92,nan,nan,29
6970,137,540,nan,nan,29
6970,137,621,nan,nan,29
6970,137,394,nan,nan,29
6970,137,48,nan,nan,29
6970,137,138,nan,nan,29
6970,137,253,nan,nan,29
6970,137,624,nan,nan,29
6970,137,226,nan,nan,29
6970,137,11,nan,nan,29
6970,137,502,nan,nan,29
6970,137,500,nan,nan,29
6970,137,538,nan,nan,29
6970,137,639,nan,nan,29
6970,143,333,nan,nan,29
6970,143,265,nan,nan,29
6970,143,605,nan,nan,29
6970,143,430,nan,nan,29
6970,143,636,nan,nan,29
6970,143,361,nan,nan,29
6970,143,379,nan,nan,29
6970,143,615,nan,nan,29
6970,143,637,nan,nan,29
6970,143,188,nan,nan,29
6970,143,323,nan,nan,29
6970,143,355,nan,nan,29
6970,143,493,nan,nan,29
6970,143,229,nan,nan,29
6970,146,476,nan,nan,29
6970,146,470,nan,nan,29
6970,146,3,nan,nan,29
6970,146,674,nan,nan,29
6970,146,309,nan,nan,29
6970,146,558,nan,nan,29
6970,146,373,nan,nan,29
6970,146,367,nan,nan,29
6970,154,528,nan,nan,29
6970,154,573,nan,nan,29
6970,154,235,nan,nan,29
6970,154,295,nan,nan,29
6970,154,280,nan,nan,29
6970,154,333,nan,nan,29
6970,154,333,nan,nan,29
6970,154,646,nan,nan,29
6970,154,134,nan,nan,29
6970,154,232,nan,nan,29
6970,154,479,nan,nan,29
6970,154,243,nan,nan,29
6970,154,657,nan,nan,29
6970,154,63,nan,nan,29
6970,126,697,0,0.5,29
6971,3,478,nan,nan,14
6971,3,66,nan,nan,14
6971,3,128,nan,nan,14
6971,3,152,nan,nan,14
6971,3,162,nan,nan,14
6971,3,253,nan,nan,14
6971,3,181,nan,nan,14
6971,3,301,nan,nan,14
6971,3,667,nan,nan,14
6971,3,215,nan,nan,14
6971,3,546,nan,nan,14
6971,3,200,nan,nan,14
6971,6,62,nan,nan,14
6971,6,67,nan,nan,14
6971,6,189,nan,nan,14
6971,6,333,nan,nan,14
6971,6,380,nan,nan,14
6971,6,472,nan,nan,14
6971,6,503,nan,nan,14
6971,6,669,nan,nan,14
6971,6,426,nan,nan,14
6971,6,314,nan,nan,14
6971,6,136,nan,nan,14
6971,6,443,nan,nan,14
6971,6,590,nan,nan,14
6971,15,174,nan,nan,14
6971,15,423,nan,nan,14
6971,15,602,nan,nan,14
6971,15,174,nan,nan,14
6971,15,622,nan,nan,14
6971,15,500,nan,nan,14
6971,15,45,nan,nan,14
6971,15,578,nan,nan,14
6971,20,196,nan,nan,14
6971,20,168,nan,nan,14
6971,20,313,nan,nan,14
6971,20,654,nan,nan,14
6971,20,64,nan,nan,14
6971,20,598,nan,nan,14
6971,23,697,nan,nan,14
6971,23,598,nan,nan,14
6971,23,5,nan,nan,14
6971,23,55,nan,nan,14
6971,23,451,nan,nan,14
6971,23,474,nan,nan,14
6971,23,417,nan,nan,14
6971,23,416,nan,nan,14
6971,23,316,nan,nan,14
6971,23,458,nan,nan,14
6971,24,345,nan,nan,14
6971,24,398,nan,nan,14
6971,24,88,nan,nan,14
6971,24,493,nan,nan,14
6971,24,197,nan,nan,14
6971,24,610,nan,nan,14
6971,24,237,nan,nan,14
6971,24,329,nan,nan,14
6971,24,76,nan,nan,14
6971,24,286,nan,nan,14
6971,27,137,nan,nan,14
6971,27,237,nan,nan,14
6971,27,58,nan,nan,14
6971,27,309,nan,nan,14
6971,27,648,nan,nan,14
6971,27,171,nan,nan,14
6971,27,346,nan,nan,14
6971,27,585,nan,nan,14
6971,27,416,nan,nan,14
6971,27,29,nan,nan,14
6971,27,233,nan,nan,14
6971,27,664,nan,nan,14
6971,27,667,nan,nan,14
6971,27,642,nan,nan,14
6971,27,665,nan,nan,14
6971,29,49,nan,nan,14
6971,29,443,nan,nan,14
6971,29,653,nan,nan,14
6971,29,645,nan,nan,14
6971,29,21,nan,nan,14
6971,29,287,nan,nan,14
6971,29,289,nan,nan,14
6971,29,653,nan,nan,14
6971,29,513,nan,nan,14
6971,29,234,nan,nan,14
6971,29,261,nan,nan,14
6971,29,550,nan,nan,14
6971,29,20,nan,nan,14
6971,33,86,nan,nan,14
6971,33,518,nan,nan,14
6971,33,59,nan,nan,14
6971,33,589,nan,nan,14
6971,33,64,nan,nan,14
6971,33,571,nan,nan,14
6971,33,609,nan,nan,14
6971,33,250,nan,nan,14
6971,33,123,nan,nan,14
6971,33,574,nan,nan,14
6971,33,48,nan,nan,14
6971,33,469,nan,nan,14
6971,33,56,nan,nan,14
6971,33,243,nan,nan,14
6971,33,589,nan,nan,14
6971,33,650,nan,nan,14
6971,34,354,nan,nan,14
6971,34,658,nan,nan,14
6971,34,444,nan,nan,14
6971,34,669,nan,nan,14
6971,34,699,nan,nan,14
6971,34,586,nan,nan,14
6971,34,301,nan,nan,14
6971,34,404,nan,nan,14
6971,34,247,nan,nan,14
6971,34,524,nan,nan,14
6971,34,564,nan,nan,14
6971,34,346,nan,nan,14
6971,38,248,nan,nan,14
6971,38,493,nan,nan,14
6971,38,434,nan,nan,14
6971,38,269,nan,nan,14
6971,38,503,nan,nan,14
6971,38,410,nan,nan,14
6971,38,282,nan,nan,14
6971,38,514,nan,nan,14
6971,38,641,nan,nan,14
6971,43,145,nan,nan,14
6971,43,552,nan,nan,14
6971,43,205,nan,nan,14
6971,43,94,nan,nan,14
6971,43,552,nan,nan,14
6971,43,691,nan,nan,14
6971,43,200,nan,nan,14
6971,43,296,nan,nan,14
6971,43,500,nan,nan,14
6971,43,467,nan,nan,14
6971,43,528,nan,nan,14
6971,43,243,nan,nan,14
6971,43,345,nan,nan,14
6971,43,631,nan,nan,14
6971,43,398,nan,nan,14
6971,43,358,nan,nan,14
6971,43,20,nan,nan,14
6971,50,129,nan,nan,14
6971,50,99,nan,nan,14
6971,50,444,nan,nan,14
6971,50,312,nan,nan,14
6971,50,634,nan,nan,14
6971,50,526,nan,nan,14
6971,50,135,nan,nan,14
6971,50,46,nan,nan,14
6971,50,251,nan,nan,14
6971,50,619,nan,nan,14
6971,50,207,nan,nan,14
6971,50,604,nan,nan,14
6971,50,359,nan,nan,14
6971,50,32,nan,nan,14
6971,50,231,nan,nan,14
6971,54,265,nan,nan,14
6971,54,580,nan,nan,14
6971,54,373,nan,nan,14
6971,54,523,nan,nan,14
6971,54,612,nan,nan,14
6971,54,511,nan,nan,14
6971,54,63,nan,nan,14
6971,54,542,nan,nan,14
6971,54,92,nan,nan,14
6971,54,99,nan,nan,14
6971,54,651,nan,nan,14
6971,54,606,nan,nan,14
6971,54,604,nan,nan,14
6971,54,582,nan,nan,14
6971,54,320,nan,nan,14
6971,54,194,nan,nan,14
6971,54,622,nan,nan,14
6971,54,32,nan,nan,14
6971,60,610,nan,nan,14
6971,60,344,nan,nan,14
6971,60,536,nan,nan,14
6971,60,689,nan,nan,14
6971,60,158,nan,nan,14
6971,60,93,nan,nan,14
6971,60,575,nan,nan,14
6971,60,166,nan,nan,14
6971,60,238,nan,nan,14
6971,60,669,nan,nan,14
6971,60,346,nan,nan,14
6971,60,600,nan,nan,14
6971,60,55,nan,nan,14
6971,60,481,nan,nan,14
6971,60,458,nan,nan,14
6971,62,430,nan,nan,14
6971,62,468,nan,nan,14
6971,62,649,nan,nan,14
6971,62,607,nan,nan,14
6971,62,529,nan,nan,14
6971,66,643,nan,nan,14
6971,66,122,nan,nan,14
6971,66,45,nan,nan,14
6971,66,36,nan,nan,14
6971,66,665,nan,nan,14
6971,66,82,nan,nan,14
6971,66,83,nan,nan,14
6971,66,689,nan,nan,14
6971,66,206,nan,nan,14
6971,66,402,nan,nan,14
6971,66,541,2,0.1,14
6971,66,182,nan,nan,14
6971,67,208,nan,nan,14
6971,67,562,nan,nan,14
6971,67,526,nan,nan,14
6971,67,690,nan,nan,14
6971,67,266,nan,nan,14
6971,67,237,nan,nan,14
6971,67,103,nan,nan,14
6971,67,649,nan,nan,14
6971,67,469,nan,nan,14
6971,67,585,nan,nan,14
6971,67,443,nan,nan,14
6971,68,350,nan,nan,14
6971,68,218,nan,nan,14
6971,68,578,nan,nan,14
6971,68,279,nan,nan,14
6971,68,314,nan,nan,14
6971,68,228,nan,nan,14
6971,68,162,nan,nan,14
6971,68,106,nan,nan,14
6971,68,227,nan,nan,14
6971,68,288,nan,nan,14
6971,68,254,nan,nan,14
6971,68,102,nan,nan,14
6971,68,438,nan,nan,14
6971,68,686,nan,nan,14
6971,68,313,nan,nan,14
6971,68,141,nan,nan,14
6971,68,279,nan,nan,14
6971,68,323,nan,nan,14
6971,68,530,nan,nan,14
6971,70,584,nan,nan,14
6971,70,649,nan,nan,14
6971,70,547,nan,nan,14
6971,70,657,nan,nan,14
6971,70,469,nan,nan,14
6971,70,347,nan,nan,14
6971,70,186,nan,nan,14
6971,70,111,nan,nan,14
6971,70,82,nan,nan,14
6971,70,285,nan,nan,14
6971,70,162,nan,nan,14
6971,70,282,nan,nan,14
6971,70,186,nan,nan,14
6971,70,442,nan,nan,14
6971,70,387,nan,nan,14
6971,70,171,nan,nan,14
6971,70,319,nan,nan,14
6971,70,16,nan,nan,14
6971,70,360,nan,nan,14
6971,70,541,nan,nan,14
6971,70,131,nan,nan,14
6971,71,697,nan,nan,14
6971,71,540,nan,nan,14
6971,71,410,nan,nan,14
6971,71,405,nan,nan,14
6971,71,429,nan,nan,14
6971,71,466,nan,nan,14
6971,71,578,nan,nan,14
6971,71,146,nan,nan,14
6971,71,119,nan,nan,14
6971,71,389,nan,nan,14
6971,71,119,nan,nan,14
6971,71,503,nan,nan,14
6971,71,450,nan,nan,14
6971,71,658,nan,nan,14
6971,73,692,nan,nan,14
6971,73,191,nan,nan,14
6971,73,270,nan,nan,14
6971,73,62,nan,nan,14
6971,73,417,nan,nan,14
6971,73,584,nan,nan,14
6971,73,389,nan,nan,14
6971,73,558,nan,nan,14
6971,73,474,nan,nan,14
6971,73,285,nan,nan,14
6971,73,585,nan,nan,14
6971,73,330,nan,nan,14
6971,73,471,nan,nan,14
6971,73,634,nan,nan,14
6971,73,191,nan,nan,14
6971,75,605,nan,nan,14
6971,75,318,nan,nan,14
6971,75,541,nan,nan,14
6971,75,429,nan,nan,14
6971,75,117,nan,nan,14
6971,75,318,nan,nan,14
6971,75,584,nan,nan,14
6971,75,480,nan,nan,14
6971,75,584,nan,nan,14
6971,75,327,nan,nan,14
6971,75,161,nan,nan,14
6971,75,52,nan,nan,14
6971,75,371,nan,nan,14
6971,75,431,nan,nan,14
6971,75,584,nan,nan,14
6971,75,371,nan,nan,14
6971,77,429,nan,nan,14
6971,77,345,nan,nan,14
6971,77,683,nan,nan,14
6971,77,174,nan,nan,14
6971,77,171,nan,nan,14
6971,77,428,nan,nan,14
6971,77,635,nan,nan,14
6971,77,129,nan,nan,14
6971,77,449,nan,nan,14
6971,77,161,nan,nan,14
6971,77,511,nan,nan,14
6971,77,66,nan,nan,14
6971,77,51,nan,nan,14
6971,77,260,nan,nan,14
6971,77,544,nan,nan,14
6971,78,374,nan,nan,14
6971,78,137,nan,nan,14
6971,78,417,nan,nan,14
6971,78,257,nan,nan,14
6971,78,382,nan,nan,14
6971,78,315,nan,nan,14
6971,78,74,nan,nan,14
6971,78,665,nan,nan,14
6971,78,76,nan,nan,14
6971,78,577,nan,nan,14
6971,78,66,nan,nan,14
6971,78,234,nan,nan,14
6971,78,369,nan,nan,14
6971,78,37,nan,nan,14
6971,78,209,nan,nan,14
6971,78,364,nan,nan,14
6971,78,142,nan,nan,14
6971,80,182,nan,nan,14
6971,80,449,nan,nan,14
6971,80,230,nan,nan,14
6971,80,429,nan,nan,14
6971,80,600,nan,nan,14
6971,80,0,nan,nan,14
6971,80,610,nan,nan,14
6971,80,550,nan,nan,14
6971,80,95,nan,nan,14
6971,80,65,nan,nan,14
6971,81,453,nan,nan,14
6971,81,159,nan,nan,14
6971,81,155,nan,nan,14
6971,81,132,nan,nan,14
6971,81,327,nan,nan,14
6971,81,445,nan,nan,14
6971,81,9,nan,nan,14
6971,81,230,nan,nan,14
6971,81,645,nan,nan,14
6971,81,577,nan,nan,14
6971,81,588,nan,nan,14
6971,81,372,nan,nan,14
6971,81,430,nan,nan,14
6971,81,65,nan,nan,14
6971,81,41,nan,nan,14
6971,81,294,nan,nan,14
6971,86,7,nan,nan,14
6971,86,151,nan,nan,14
6971,86,175,nan,nan,14
6971,86,621,nan,nan,14
6971,86,571,nan,nan,14
6971,86,270,nan,nan,14
6971,86,559,nan,nan,14
6971,86,451,nan,nan,14
6971,86,459,nan,nan,14
6971,86,188,nan,nan,14
6971,86,223,nan,nan,14
6971,90,603,nan,nan,14
6971,90,246,nan,nan,14
6971,90,62,nan,nan,14
6971,90,89,nan,nan,14
6971,90,209,nan,nan,14
6971,90,339,nan,nan,14
6971,90,634,nan,nan,14
6971,90,482,nan,nan,14
6971,90,493,nan,nan,14
6971,90,109,nan,nan,14
6971,90,603,nan,nan,14
6971,90,487,nan,nan,14
6971,92,93,nan,nan,14
6971,92,65,nan,nan,14
6971,92,576,nan,nan,14
6971,92,140,nan,nan,14
6971,92,1,nan,nan,14
6971,92,545,nan,nan,14
6971,92,684,nan,nan,14
6971,92,390,nan,nan,14
6971,92,354,nan,nan,14
6971,92,405,nan,nan,14
6971,92,438,nan,nan,14
6971,92,140,nan,nan,14
6971,92,288,nan,nan,14
6971,92,518,nan,nan,14
6971,99,512,nan,nan,14
6971,99,105,nan,nan,14
6971,99,514,nan,nan,14
6971,99,153,nan,nan,14
6971,99,295,nan,nan,14
6971,99,105,nan,nan,14
6971,99,650,nan,nan,14
6971,99,304,nan,nan,14
6971,99,385,nan,nan,14
6971,99,194,nan,nan,14
6971,99,76,nan,nan,14
6971,99,68,nan,nan,14
6971,99,41,nan,nan,14
6971,105,401,nan,nan,14
6971,105,568,nan,nan,14
6971,105,36,nan,nan,14
6971,105,631,nan,nan,14
6971,105,603,nan,nan,14
6971,105,187,nan,nan,14
6971,105,360,nan,nan,14
6971,105,240,nan,nan,14
6971,106,304,nan,nan,14
6971,106,306,nan,nan,14
6971,106,681,nan,nan,14
6971,106,514,nan,nan,14
6971,106,93,nan,nan,14
6971,106,582,nan,nan,14
6971,106,173,nan,nan,14
6971,114,375,nan,nan,14
6971,114,693,nan,nan,14
6971,114,229,nan,nan,14
6971,114,332,nan,nan,14
6971,114,402,nan,nan,14
6971,114,306,nan,nan,14
6971,114,177,nan,nan,14
6971,114,539,nan,nan,14
6971,114,133,nan,nan,14
6971,114,263,nan,nan,14
6971,114,689,nan,nan,14
6971,114,555,nan,nan,14
6971,114,321,nan,nan,14
6971,114,48,nan,nan,14
6971,114,438,nan,nan,14
6971,114,143,nan,nan,14
6971,114,301,nan,nan,14
6971,118,2,nan,nan,14
6971,118,688,nan,nan,14
6971,118,45,nan,nan,14
6971,118,40,nan,nan,14
6971,118,270,nan,nan,14
6971,118,37,nan,nan,14
6971,118,210,nan,nan,14
6971,118,690,nan,nan,14
6971,118,562,nan,nan,14
6971,118,562,nan,nan,14
6971,119,653,nan,nan,14
6971,119,213,nan,nan,14
6971,119,548,nan,nan,14
6971,119,131,nan,nan,14
6971,119,649,nan,nan,14
6971,119,649,nan,nan,14
6971,119,588,nan,nan,14
6971,119,136,nan,nan,14
6971,119,290,nan,nan,14
6971,119,227,nan,nan,14
6971,119,562,nan,nan,14
6971,119,519,nan,nan,14
6971,121,609,nan,nan,14
6971,121,0,nan,nan,14
6971,121,430,nan,nan,14
6971,121,458,nan,nan,14
6971,121,198,nan,nan,14
6971,121,557,nan,nan,14
6971,121,256,nan,nan,14
6971,121,319,nan,nan,14
6971,121,469,nan,nan,14
6971,121,494,nan,nan,14
6971,121,136,nan,nan,14
6971,121,582,nan,nan,14
6971,121,42,nan,nan,14
6971,121,494,nan,nan,14
6971,121,248,nan,nan,14
6971,123,406,nan,nan,14
6971,123,572,nan,nan,14
6971,123,302,nan,nan,14
6971,123,313,nan,nan,14
6971,123,433,nan,nan,14
6971,123,245,nan,nan,14
6971,123,387,nan,nan,14
6971,123,582,nan,nan,14
6971,123,698,nan,nan,14
6971,123,83,nan,nan,14
6971,123,565,nan,nan,14
6971,124,665,nan,nan,14
6971,124,200,nan,nan,14
6971,124,145,nan,nan,14
6971,124,598,nan,nan,14
6971,124,429,nan,nan,14
6971,124,52,nan,nan,14
6971,124,280,nan,nan,14
6971,124,481,nan,nan,14
6971,124,182,nan,nan,14
6971,124,584,nan,nan,14
6971,124,542,nan,nan,14
6971,127,233,nan,nan,14
6971,127,540,nan,nan,14
6971,127,283,nan,nan,14
6971,127,561,nan,nan,14
6971,127,291,nan,nan,14
6971,127,441,nan,nan,14
6971,127,157,nan,nan,14
6971,127,379,nan,nan,14
6971,127,236,nan,nan,14
6971,127,474,nan,nan,14
6971,127,550,nan,nan,14
6971,127,85,nan,nan,14
6971,127,481,nan,nan,14
6971,130,692,nan,nan,14
6971,130,79,nan,nan,14
6971,130,416,nan,nan,14
6971,130,590,nan,nan,14
6971,130,482,nan,nan,14
6971,130,653,nan,nan,14
6971,130,62,nan,nan,14
6971,130,228,nan,nan,14
6971,135,639,nan,nan,14
6971,135,439,nan,nan,14
6971,135,423,nan,nan,14
6971,135,42,nan,nan,14
6971,135,661,nan,nan,14
6971,135,128,nan,nan,14
6971,135,458,nan,nan,14
6971,135,698,nan,nan,14
6971,135,195,nan,nan,14
6971,135,537,nan,nan,14
6971,135,170,nan,nan,14
6971,135,159,nan,nan,14
6971,135,663,nan,nan,14
6971,135,577,nan,nan,14
6971,142,360,nan,nan,14
6971,142,174,nan,nan,14
6971,142,61,nan,nan,14
6971,142,487,nan,nan,14
6971,142,651,nan,nan,14
6971,142,17,nan,nan,14
6971,142,353,nan,nan,14
6971,142,428,nan,nan,14
6971,142,334,nan,nan,14
6971,142,634,nan,nan,14
6971,142,154,nan,nan,14
6971,142,500,nan,nan,14
6971,142,58,nan,nan,14
6971,142,688,nan,nan,14
6971,142,653,nan,nan,14
6971,146,634,nan,nan,14
6971,146,692,nan,nan,14
6971,146,167,nan,nan,14
6971,146,205,nan,nan,14
6971,146,47,nan,nan,14
6971,146,684,nan,nan,14
6971,146,36,nan,nan,14
6971,146,120,nan,nan,14
6971,146,256,nan,nan,14
6971,146,309,nan,nan,14
6971,146,167,nan,nan,14
6971,146,112,nan,nan,14
6971,146,145,nan,nan,14
6971,147,287,nan,nan,14
6971,147,207,nan,nan,14
6971,147,576,nan,nan,14
6971,147,34,nan,nan,14
6971,147,357,nan,nan,14
6971,147,595,nan,nan,14
6971,147,466,nan,nan,14
6971,147,646,nan,nan,14
6971,147,47,nan,nan,14
6971,147,627,nan,nan,14
6971,147,560,nan,nan,14
6971,147,50,nan,nan,14
6971,147,518,nan,nan,14
6971,147,664,nan,nan,14
6971,147,602,nan,nan,14
6971,147,334,nan,nan,14
6971,147,46,nan,nan,14
6971,147,59,nan,nan,14
6971,154,528,nan,nan,14
6971,154,318,nan,nan,14
6971,154,393,nan,nan,14
6971,154,482,nan,nan,14
6971,154,280,nan,nan,14
6971,154,402,nan,nan,14
6971,154,648,nan,nan,14
6971,154,597,nan,nan,14
6971,154,133,nan,nan,14
6971,154,307,nan,nan,14
6971,154,268,nan,nan,14
6971,154,329,nan,nan,14
6971,154,106,nan,nan,14
6971,154,532,nan,nan,14
6971,154,63,nan,nan,14
6971,154,649,nan,nan,14
6971,155,241,nan,nan,14
6971,155,676,nan,nan,14
6971,155,493,nan,nan,14
6971,155,376,nan,nan,14
6971,155,506,nan,nan,14
6971,155,157,nan,nan,14
6971,155,605,nan,nan,14
6971,155,366,nan,nan,14
6972,1,308,nan,nan,67
6972,1,302,nan,nan,67
6972,1,648,nan,nan,67
6972,1,283,nan,nan,67
6972,1,305,nan,nan,67
6972,1,674,nan,nan,67
6972,7,18,1,0.25,67
6972,7,671,nan,nan,67
6972,7,437,nan,nan,67
6972,9,315,nan,nan,67
6972,9,127,nan,nan,67
6972,9,201,nan,nan,67
6972,9,408,nan,nan,67
6972,10,127,nan,nan,67
6972,10,623,nan,nan,67
6972,10,137,nan,nan,67
6972,10,46,nan,nan,67
6972,10,485,nan,nan,67
6972,10,176,nan,nan,67
6972,14,284,nan,nan,67
6972,14,321,nan,nan,67
6972,14,83,nan,nan,67
6972,14,430,nan,nan,67
6972,16,71,nan,nan,67
6972,16,633,nan,nan,67
6972,16,478,nan,nan,67
6972,21,442,nan,nan,67
6972,21,2,nan,nan,67
6972,21,165,nan,nan,67
6972,21,380,nan,nan,67
6972,21,41,nan,nan,67
6972,21,292,nan,nan,67
6972,21,105,nan,nan,67
6972,21,162,nan,nan,67
6972,21,494,nan,nan,67
6972,21,692,nan,nan,67
6972,21,279,nan,nan,67
6972,26,457,nan,nan,67
6972,26,305,nan,nan,67
6972,26,619,nan,nan,67
6972,26,645,nan,nan,67
6972,26,31,nan,nan,67
6972,27,624,nan,nan,67
6972,27,95,nan,nan,67
6972,27,374,nan,nan,67
6972,27,197,nan,nan,67
6972,27,160,nan,nan,67
6972,27,141,nan,nan,67
6972,27,551,nan,nan,67
6972,28,668,nan,nan,67
6972,28,112,nan,nan,67
6972,28,643,nan,nan,67
6972,28,558,nan,nan,67
6972,28,18,nan,nan,67
6972,28,325,nan,nan,67
6972,31,472,nan,nan,67
6972,31,310,nan,nan,67
6972,31,209,nan,nan,67
6972,31,535,nan,nan,67
6972,44,322,nan,nan,67
6972,44,647,nan,nan,67
6972,44,99,nan,nan,67
6972,44,357,nan,nan,67
6972,44,518,nan,nan,67
6972,44,594,nan,nan,67
6972,44,248,nan,nan,67
6972,47,580,nan,nan,67
6972,47,294,nan,nan,67
6972,47,92,nan,nan,67
6972,47,174,nan,nan,67
6972,48,564,nan,nan,67
6972,48,502,nan,nan,67
6972,48,73,nan,nan,67
6972,48,460,nan,nan,67
6972,48,202,nan,nan,67
6972,48,98,nan,nan,67
6972,48,556,nan,nan,67
6972,52,605,nan,nan,67
6972,52,677,nan,nan,67
6972,52,621,nan,nan,67
6972,52,12,nan,nan,67
6972,55,211,nan,nan,67
6972,55,152,nan,nan,67
6972,55,160,nan,nan,67
6972,56,80,nan,nan,67
6972,56,7,nan,nan,67
6972,56,15,nan,nan,67
6972,56,666,nan,nan,67
6972,63,501,nan,nan,67
6972,63,313,nan,nan,67
6972,63,132,nan,nan,67
6972,63,178,nan,nan,67
6972,63,350,nan,nan,67
6972,63,689,nan,nan,67
6972,68,438,nan,nan,67
6972,68,208,nan,nan,67
6972,68,83,nan,nan,67
6972,68,347,nan,nan,67
6972,68,669,nan,nan,67
6972,70,598,nan,nan,67
6972,70,119,nan,nan,67
6972,70,407,nan,nan,67
6972,71,654,nan,nan,67
6972,72,510,nan,nan,67
6972,72,440,2,0.1,67
6972,72,316,nan,nan,67
6972,72,558,nan,nan,67
6972,72,687,nan,nan,67
6972,72,664,nan,nan,67
6972,85,20,nan,nan,67
6972,85,315,nan,nan,67
6972,91,535,nan,nan,67
6972,91,540,nan,nan,67
6972,91,248,nan,nan,67
6972,91,154,nan,nan,67
6972,93,135,nan,nan,67
6972,93,410,nan,nan,67
6972,93,107,nan,nan,67
6972,93,465,nan,nan,67
6972,93,186,nan,nan,67
6972,93,204,nan,nan,67
6972,96,200,nan,nan,67
6972,96,634,nan,nan,67
6972,97,556,nan,nan,67
6972,97,354,nan,nan,67
6972,97,127,nan,nan,67
6972,97,105,nan,nan,67
6972,97,146,nan,nan,67
6972,98,642,nan,nan,67
6972,98,357,nan,nan,67
6972,98,426,nan,nan,67
6972,98,123,nan,nan,67
6972,98,518,nan,nan,67
6972,98,230,nan,nan,67
6972,98,129,nan,nan,67
6972,98,176,nan,nan,67
6972,106,371,nan,nan,67
6972,106,424,nan,nan,67
6972,106,568,nan,nan,67
6972,106,461,nan,nan,67
6972,106,96,nan,nan,67
6972,106,623,nan,nan,67
6972,106,59,nan,nan,67
6972,106,431,nan,nan,67
6972,106,635,nan,nan,67
6972,116,337,nan,nan,67
6972,116,29,nan,nan,67
6972,116,350,nan,nan,67
6972,119,256,nan,nan,67
6972,119,526,nan,nan,67
6972,119,448,nan,nan,67
6972,119,176,nan,nan,67
6972,119,2,nan,nan,67
6972,119,444,nan,nan,67
6972,119,227,nan,nan,67
6972,119,103,nan,nan,67
6972,119,130,nan,nan,67
6972,119,379,nan,nan,67
6972,119,469,nan,nan,67
6972,119,293,nan,nan,67
6972,119,227,nan,nan,67
6972,121,329,nan,nan,67
6972,121,387,nan,nan,67
6972,121,437,nan,nan,67
6972,123,411,nan,nan,67
6972,123,221,nan,nan,67
6972,123,292,nan,nan,67
6972,123,288,nan,nan,67
6972,123,581,nan,nan,67
6972,123,245,nan,nan,67
6972,130,131,nan,nan,67
6972,130,598,nan,nan,67
6972,130,165,nan,nan,67
6972,130,539,nan,nan,67
6972,130,525,nan,nan,67
6972,130,442,nan,nan,67
6972,131,68,nan,nan,67
6972,131,111,nan,nan,67
6972,131,439,nan,nan,67
6972,131,91,nan,nan,67
6972,131,117,nan,nan,67
6972,131,1,nan,nan,67
6972,131,560,nan,nan,67
6972,131,37,nan,nan,67
6972,131,466,nan,nan,67
6972,131,551,nan,nan,67
6972,131,364,nan,nan,67
6972,134,159,nan,nan,67
6972,134,527,nan,nan,67
6972,134,3,nan,nan,67
6972,134,58,nan,nan,67
6972,134,600,nan,nan,67
6972,134,605,nan,nan,67
6972,137,84,nan,nan,67
6972,137,444,nan,nan,67
6972,137,343,nan,nan,67
6972,137,609,nan,nan,67
6972,137,38,nan,nan,67
6972,137,610,nan,nan,67
6972,137,547,nan,nan,67
6972,141,404,nan,nan,67
6972,141,346,nan,nan,67
6972,141,238,nan,nan,67
6972,141,180,nan,nan,67
6972,141,3,nan,nan,67
6972,141,259,nan,nan,67
6972,142,589,nan,nan,67
6972,142,394,nan,nan,67
6972,142,421,nan,nan,67
6972,143,634,nan,nan,67
6972,143,353,nan,nan,67
6972,146,509,nan,nan,67
6972,146,318,nan,nan,67
6972,146,437,nan,nan,67
6972,146,552,nan,nan,67
6972,146,209,nan,nan,67
6972,146,116,nan,nan,67
6972,146,647,nan,nan,67
6972,150,296,nan,nan,67
6972,150,687,nan,nan,67
6972,150,627,nan,nan,67
6972,150,677,nan,nan,67
6972,150,240,nan,nan,67
6972,150,628,nan,nan,67
6972,150,478,nan,nan,67
6972,150,214,nan,nan,67
6972,153,536,nan,nan,67
6972,153,549,nan,nan,67
6972,153,551,nan,nan,67
6972,153,196,nan,nan,67
6972,153,191,nan,nan,67
6972,154,644,nan,nan,67
6972,154,550,nan,nan,67
6972,154,351,nan,nan,67
6972,154,396,nan,nan,67
6972,5,389,0,0.5,67
6972,127,640,4,0.5,67
6972,127,640,4,0.5,67
6973,0,387,nan,nan,41
6973,0,302,nan,nan,41
6973,2,235,nan,nan,41
6973,2,402,nan,nan,41
6973,2,648,nan,nan,41
6973,3,98,nan,nan,41
6973,3,601,nan,nan,41
6973,3,31,nan,nan,41
6973,3,226,nan,nan,41
6973,3,591,nan,nan,41
6973,3,297,nan,nan,41
6973,3,201,nan,nan,41
6973,15,529,nan,nan,41
6973,15,234,nan,nan,41
6973,15,277,nan,nan,41
6973,15,691,nan,nan,41
6973,15,622,nan,nan,41
6973,15,545,nan,nan,41
6973,17,620,nan,nan,41
6973,17,45,nan,nan,41
6973,17,304,nan,nan,41
6973,17,592,nan,nan,41
6973,19,481,nan,nan,41
6973,19,228,nan,nan,41
6973,19,371,nan,nan,41
6973,19,429,nan,nan,41
6973,19,635,nan,nan,41
6973,19,622,nan,nan,41
6973,66,519,nan,nan,41
6973,66,594,nan,nan,41
6973,66,481,nan,nan,41
6973,66,16,nan,nan,41
6973,74,96,nan,nan,41
6973,74,80,nan,nan,41
6973,74,174,nan,nan,41
6973,74,322,nan,nan,41
6973,74,304,nan,nan,41
6973,79,123,nan,nan,41
6973,79,70,nan,nan,41
6973,79,560,nan,nan,41
6973,79,152,nan,nan,41
6973,79,380,nan,nan,41
6973,79,16,nan,nan,41
6973,79,43,nan,nan,41
6973,79,329,nan,nan,41
6973,84,454,nan,nan,41
6973,84,362,nan,nan,41
6973,84,88,nan,nan,41
6973,84,527,nan,nan,41
6973,87,247,nan,nan,41
6973,87,327,nan,nan,41
6973,97,634,nan,nan,41
6973,97,220,nan,nan,41
6973,97,315,nan,nan,41
6973,97,221,nan,nan,41
6973,97,667,nan,nan,41
6973,101,157,nan,nan,41
6973,101,644,nan,nan,41
6973,101,191,nan,nan,41
6973,101,562,nan,nan,41
6973,101,684,nan,nan,41
6973,101,516,nan,nan,41
6973,109,647,nan,nan,41
6973,109,202,nan,nan,41
6973,109,69,nan,nan,41
6973,109,331,nan,nan,41
6973,109,196,nan,nan,41
6973,109,121,nan,nan,41
6973,118,660,nan,nan,41
6973,118,350,nan,nan,41
6973,118,387,nan,nan,41
6973,125,405,nan,nan,41
6973,125,605,nan,nan,41
6973,125,400,nan,nan,41
6973,125,97,nan,nan,41
6973,125,405,nan,nan,41
6973,125,121,nan,nan,41
6973,153,364,nan,nan,41
6973,153,692,nan,nan,41
6973,153,501,nan,nan,41
6973,153,663,nan,nan,41
6973,153,282,nan,nan,41
6973,126,697,0,0.5,41
6974,1,335,nan,nan,78
6974,1,206,nan,nan,78
6974,1,208,nan,nan,78
6974,1,446,nan,nan,78
6974,1,568,nan,nan,78
6974,1,135,nan,nan,78
6974,1,315,nan,nan,78
6974,1,349,nan,nan,78
6974,1,682,nan,nan,78
6974,1,671,nan,nan,78
6974,1,639,nan,nan,78
6974,1,94,nan,nan,78
6974,1,279,nan,nan,78
6974,1,36,nan,nan,78
6974,2,564,nan,nan,78
6974,2,399,nan,nan,78
6974,2,31,nan,nan,78
6974,2,193,nan,nan,78
6974,2,461,nan,nan,78
6974,2,313,nan,nan,78
6974,2,356,nan,nan,78
6974,2,274,nan,nan,78
6974,2,254,nan,nan,78
6974,2,160,nan,nan,78
6974,2,580,nan,nan,78
6974,2,623,nan,nan,78
6974,2,621,nan,nan,78
6974,2,312,nan,nan,78
6974,2,69,nan,nan,78
6974,2,623,nan,nan,78
6974,4,666,nan,nan,78
6974,4,386,nan,nan,78
6974,4,479,nan,nan,78
6974,4,424,nan,nan,78
6974,4,695,nan,nan,78
6974,4,107,nan,nan,78
6974,4,561,nan,nan,78
6974,4,547,nan,nan,78
6974,4,666,nan,nan,78
6974,4,607,nan,nan,78
6974,4,57,nan,nan,78
6974,4,314,nan,nan,78
6974,4,547,nan,nan,78
6974,4,92,nan,nan,78
6974,5,284,nan,nan,78
6974,5,92,nan,nan,78
6974,5,267,nan,nan,78
6974,5,174,nan,nan,78
6974,5,17,nan,nan,78
6974,5,246,nan,nan,78
6974,5,644,nan,nan,78
6974,5,500,nan,nan,78
6974,6,629,nan,nan,78
6974,6,9,nan,nan,78
6974,6,325,nan,nan,78
6974,6,657,nan,nan,78
6974,6,468,nan,nan,78
6974,6,179,nan,nan,78
6974,6,483,nan,nan,78
6974,6,11,nan,nan,78
6974,6,88,nan,nan,78
6974,6,293,nan,nan,78
6974,6,238,nan,nan,78
6974,6,82,nan,nan,78
6974,6,234,nan,nan,78
6974,6,669,nan,nan,78
6974,6,226,nan,nan,78
6974,6,303,nan,nan,78
6974,6,476,nan,nan,78
6974,6,48,nan,nan,78
6974,7,130,nan,nan,78
6974,7,535,nan,nan,78
6974,7,237,nan,nan,78
6974,7,615,nan,nan,78
6974,7,541,nan,nan,78
6974,7,414,nan,nan,78
6974,7,158,nan,nan,78
6974,7,28,nan,nan,78
6974,7,93,nan,nan,78
6974,7,30,nan,nan,78
6974,7,4,nan,nan,78
6974,7,127,nan,nan,78
6974,9,81,nan,nan,78
6974,9,581,nan,nan,78
6974,9,659,nan,nan,78
6974,9,545,nan,nan,78
6974,9,410,nan,nan,78
6974,9,27,nan,nan,78
6974,9,109,nan,nan,78
6974,9,400,nan,nan,78
6974,10,549,nan,nan,78
6974,10,232,nan,nan,78
6974,10,332,nan,nan,78
6974,10,37,nan,nan,78
6974,10,378,nan,nan,78
6974,10,57,nan,nan,78
6974,10,587,nan,nan,78
6974,10,545,nan,nan,78
6974,10,508,nan,nan,78
6974,12,45,nan,nan,78
6974,12,376,nan,nan,78
6974,12,143,nan,nan,78
6974,12,682,nan,nan,78
6974,12,447,nan,nan,78
6974,12,314,nan,nan,78
6974,12,608,nan,nan,78
6974,12,483,nan,nan,78
6974,12,665,nan,nan,78
6974,12,127,nan,nan,78
6974,13,210,nan,nan,78
6974,13,2,nan,nan,78
6974,13,321,nan,nan,78
6974,13,546,nan,nan,78
6974,13,513,nan,nan,78
6974,13,545,nan,nan,78
6974,13,546,nan,nan,78
6974,13,60,nan,nan,78
6974,13,447,nan,nan,78
6974,14,126,nan,nan,78
6974,14,263,nan,nan,78
6974,14,562,nan,nan,78
6974,14,677,nan,nan,78
6974,14,529,nan,nan,78
6974,14,542,nan,nan,78
6974,14,42,2,0.1,78
6974,14,476,nan,nan,78
6974,14,352,nan,nan,78
6974,14,332,nan,nan,78
6974,14,467,nan,nan,78
6974,14,67,nan,nan,78
6974,14,170,nan,nan,78
6974,15,387,nan,nan,78
6974,15,54,nan,nan,78
6974,15,280,nan,nan,78
6974,15,591,nan,nan,78
6974,15,152,nan,nan,78
6974,15,142,nan,nan,78
6974,15,421,nan,nan,78
6974,15,106,nan,nan,78
6974,15,586,nan,nan,78
6974,15,542,nan,nan,78
6974,15,588,nan,nan,78
6974,16,389,nan,nan,78
6974,16,584,nan,nan,78
6974,16,682,nan,nan,78
6974,16,513,nan,nan,78
6974,16,497,nan,nan,78
6974,16,575,nan,nan,78
6974,16,404,nan,nan,78
6974,16,299,nan,nan,78
6974,16,526,nan,nan,78
6974,19,656,nan,nan,78
6974,19,666,nan,nan,78
6974,19,244,nan,nan,78
6974,19,656,nan,nan,78
6974,19,597,nan,nan,78
6974,19,378,nan,nan,78
6974,19,649,nan,nan,78
6974,19,549,nan,nan,78
6974,19,611,nan,nan,78
6974,19,106,nan,nan,78
6974,19,638,nan,nan,78
6974,19,602,nan,nan,78
6974,21,584,nan,nan,78
6974,21,331,nan,nan,78
6974,21,268,nan,nan,78
6974,21,389,nan,nan,78
6974,21,285,nan,nan,78
6974,21,405,nan,nan,78
6974,21,69,nan,nan,78
6974,21,497,nan,nan,78
6974,21,220,nan,nan,78
6974,21,568,nan,nan,78
6974,21,79,nan,nan,78
6974,21,176,nan,nan,78
6974,21,247,nan,nan,78
6974,21,564,nan,nan,78
6974,24,268,nan,nan,78
6974,24,237,nan,nan,78
6974,24,266,nan,nan,78
6974,24,129,nan,nan,78
6974,24,247,nan,nan,78
6974,24,231,nan,nan,78
6974,24,441,nan,nan,78
6974,24,413,nan,nan,78
6974,24,619,nan,nan,78
6974,24,197,nan,nan,78
6974,27,123,nan,nan,78
6974,27,456,nan,nan,78
6974,27,79,nan,nan,78
6974,27,58,nan,nan,78
6974,27,442,nan,nan,78
6974,27,327,nan,nan,78
6974,27,231,nan,nan,78
6974,27,550,nan,nan,78
6974,27,168,nan,nan,78
6974,27,117,nan,nan,78
6974,29,29,nan,nan,78
6974,29,442,nan,nan,78
6974,29,644,nan,nan,78
6974,29,617,nan,nan,78
6974,29,163,nan,nan,78
6974,29,234,nan,nan,78
6974,29,251,nan,nan,78
6974,29,387,nan,nan,78
6974,29,60,nan,nan,78
6974,29,483,nan,nan,78
6974,29,265,nan,nan,78
6974,34,213,nan,nan,78
6974,34,374,nan,nan,78
6974,34,213,nan,nan,78
6974,34,624,nan,nan,78
6974,34,613,nan,nan,78
6974,34,164,nan,nan,78
6974,34,188,nan,nan,78
6974,34,236,nan,nan,78
6974,34,92,nan,nan,78
6974,35,6,nan,nan,78
6974,35,658,nan,nan,78
6974,35,447,nan,nan,78
6974,35,488,nan,nan,78
6974,35,524,nan,nan,78
6974,35,445,nan,nan,78
6974,35,164,nan,nan,78
6974,35,20,nan,nan,78
6974,35,373,nan,nan,78
6974,36,488,nan,nan,78
6974,36,6,nan,nan,78
6974,36,505,nan,nan,78
6974,36,651,nan,nan,78
6974,36,649,nan,nan,78
6974,36,298,nan,nan,78
6974,36,488,nan,nan,78
6974,36,589,nan,nan,78
6974,36,145,nan,nan,78
6974,36,228,nan,nan,78
6974,36,641,nan,nan,78
6974,36,64,nan,nan,78
6974,36,689,nan,nan,78
6974,36,641,nan,nan,78
6974,38,154,nan,nan,78
6974,38,78,nan,nan,78
6974,38,583,nan,nan,78
6974,38,401,nan,nan,78
6974,38,135,nan,nan,78
6974,38,59,nan,nan,78
6974,38,694,nan,nan,78
6974,38,576,nan,nan,78
6974,38,98,nan,nan,78
6974,38,574,nan,nan,78
6974,38,430,nan,nan,78
6974,43,630,nan,nan,78
6974,43,201,nan,nan,78
6974,43,640,nan,nan,78
6974,43,200,nan,nan,78
6974,43,647,nan,nan,78
6974,43,142,nan,nan,78
6974,43,647,nan,nan,78
6974,43,153,nan,nan,78
6974,43,647,nan,nan,78
6974,43,680,nan,nan,78
6974,43,546,nan,nan,78
6974,43,581,nan,nan,78
6974,43,552,nan,nan,78
6974,44,374,nan,nan,78
6974,44,166,nan,nan,78
6974,44,286,nan,nan,78
6974,44,425,nan,nan,78
6974,44,259,nan,nan,78
6974,44,277,nan,nan,78
6974,44,78,nan,nan,78
6974,44,525,nan,nan,78
6974,44,389,nan,nan,78
6974,44,692,nan,nan,78
6974,44,680,nan,nan,78
6974,44,531,nan,nan,78
6974,44,508,nan,nan,78
6974,44,328,nan,nan,78
6974,45,154,nan,nan,78
6974,45,556,nan,nan,78
6974,45,146,nan,nan,78
6974,45,228,nan,nan,78
6974,45,602,nan,nan,78
6974,45,572,nan,nan,78
6974,45,676,nan,nan,78
6974,45,528,nan,nan,78
6974,45,59,nan,nan,78
6974,45,557,nan,nan,78
6974,45,146,nan,nan,78
6974,45,657,nan,nan,78
6974,47,135,nan,nan,78
6974,47,499,nan,nan,78
6974,47,109,nan,nan,78
6974,47,644,nan,nan,78
6974,47,211,nan,nan,78
6974,47,687,nan,nan,78
6974,47,105,nan,nan,78
6974,47,539,nan,nan,78
6974,47,445,nan,nan,78
6974,47,405,nan,nan,78
6974,47,64,nan,nan,78
6974,47,361,nan,nan,78
6974,47,323,nan,nan,78
6974,47,178,nan,nan,78
6974,47,339,nan,nan,78
6974,48,600,nan,nan,78
6974,48,635,nan,nan,78
6974,48,199,nan,nan,78
6974,48,353,nan,nan,78
6974,48,210,nan,nan,78
6974,48,260,nan,nan,78
6974,48,168,nan,nan,78
6974,48,191,nan,nan,78
6974,48,165,nan,nan,78
6974,48,191,nan,nan,78
6974,48,673,nan,nan,78
6974,48,333,nan,nan,78
6974,48,55,nan,nan,78
6974,48,651,nan,nan,78
6974,48,556,nan,nan,78
6974,49,24,nan,nan,78
6974,49,167,nan,nan,78
6974,49,167,nan,nan,78
6974,49,77,nan,nan,78
6974,49,39,nan,nan,78
6974,49,196,nan,nan,78
6974,49,208,nan,nan,78
6974,49,105,nan,nan,78
6974,49,418,nan,nan,78
6974,49,327,nan,nan,78
6974,49,503,nan,nan,78
6974,49,258,nan,nan,78
6974,49,1,nan,nan,78
6974,49,317,nan,nan,78
6974,49,178,nan,nan,78
6974,50,362,nan,nan,78
6974,50,67,nan,nan,78
6974,50,333,nan,nan,78
6974,50,59,nan,nan,78
6974,50,315,nan,nan,78
6974,50,495,nan,nan,78
6974,50,24,nan,nan,78
6974,50,644,nan,nan,78
6974,50,453,nan,nan,78
6974,50,24,nan,nan,78
6974,50,477,nan,nan,78
6974,50,494,nan,nan,78
6974,50,494,nan,nan,78
6974,50,397,nan,nan,78
6974,50,164,nan,nan,78
6974,50,592,nan,nan,78
6974,54,599,nan,nan,78
6974,54,201,nan,nan,78
6974,54,68,nan,nan,78
6974,54,92,nan,nan,78
6974,54,623,nan,nan,78
6974,54,184,nan,nan,78
6974,54,10,nan,nan,78
6974,54,681,nan,nan,78
6974,55,520,nan,nan,78
6974,55,654,nan,nan,78
6974,55,85,nan,nan,78
6974,55,448,nan,nan,78
6974,55,460,nan,nan,78
6974,55,464,nan,nan,78
6974,55,467,nan,nan,78
6974,55,30,nan,nan,78
6974,55,92,nan,nan,78
6974,55,656,nan,nan,78
6974,55,226,nan,nan,78
6974,55,666,nan,nan,78
6974,55,160,nan,nan,78
6974,55,436,nan,nan,78
6974,56,122,nan,nan,78
6974,56,461,nan,nan,78
6974,56,215,nan,nan,78
6974,56,321,nan,nan,78
6974,56,608,nan,nan,78
6974,56,184,nan,nan,78
6974,56,356,nan,nan,78
6974,57,98,nan,nan,78
6974,57,373,nan,nan,78
6974,57,323,nan,nan,78
6974,57,64,nan,nan,78
6974,57,548,nan,nan,78
6974,57,665,nan,nan,78
6974,57,628,nan,nan,78
6974,57,293,nan,nan,78
6974,57,175,nan,nan,78
6974,57,463,nan,nan,78
6974,58,30,nan,nan,78
6974,58,682,nan,nan,78
6974,58,422,nan,nan,78
6974,58,93,nan,nan,78
6974,58,61,nan,nan,78
6974,58,238,nan,nan,78
6974,58,238,nan,nan,78
6974,58,30,nan,nan,78
6974,58,441,nan,nan,78
6974,58,194,nan,nan,78
6974,58,175,nan,nan,78
6974,58,241,nan,nan,78
6974,58,301,nan,nan,78
6974,58,93,nan,nan,78
6974,58,559,nan,nan,78
6974,59,413,nan,nan,78
6974,59,59,nan,nan,78
6974,59,498,nan,nan,78
6974,59,187,nan,nan,78
6974,59,441,nan,nan,78
6974,59,82,nan,nan,78
6974,59,100,nan,nan,78
6974,59,181,nan,nan,78
6974,60,181,nan,nan,78
6974,60,238,nan,nan,78
6974,60,419,nan,nan,78
6974,60,66,nan,nan,78
6974,60,415,nan,nan,78
6974,60,22,nan,nan,78
6974,60,189,nan,nan,78
6974,60,110,nan,nan,78
6974,60,36,nan,nan,78
6974,60,226,nan,nan,78
6974,60,286,nan,nan,78
6974,60,201,nan,nan,78
6974,60,380,nan,nan,78
6974,60,669,nan,nan,78
6974,60,155,nan,nan,78
6974,60,506,nan,nan,78
6974,62,529,nan,nan,78
6974,62,34,nan,nan,78
6974,62,143,nan,nan,78
6974,62,35,nan,nan,78
6974,62,371,nan,nan,78
6974,62,481,nan,nan,78
6974,62,282,nan,nan,78
6974,62,484,nan,nan,78
6974,62,671,nan,nan,78
6974,62,649,nan,nan,78
6974,62,227,nan,nan,78
6974,62,290,nan,nan,78
6974,62,282,nan,nan,78
6974,63,272,nan,nan,78
6974,63,275,nan,nan,78
6974,63,485,nan,nan,78
6974,63,332,nan,nan,78
6974,63,175,nan,nan,78
6974,63,519,nan,nan,78
6974,63,186,nan,nan,78
6974,63,529,nan,nan,78
6974,63,264,nan,nan,78
6974,63,103,nan,nan,78
6974,63,688,nan,nan,78
6974,63,199,nan,nan,78
6974,63,224,nan,nan,78
6974,63,356,nan,nan,78
6974,63,298,2,0.1,78
6974,65,45,nan,nan,78
6974,65,490,nan,nan,78
6974,65,572,nan,nan,78
6974,65,270,nan,nan,78
6974,65,297,nan,nan,78
6974,65,583,nan,nan,78
6974,65,519,nan,nan,78
6974,65,562,nan,nan,78
6974,65,83,nan,nan,78
6974,65,252,nan,nan,78
6974,65,237,nan,nan,78
6974,65,234,nan,nan,78
6974,65,432,nan,nan,78
6974,65,83,nan,nan,78
6974,65,529,nan,nan,78
6974,65,545,nan,nan,78
6974,65,321,nan,nan,78
6974,66,136,nan,nan,78
6974,66,45,nan,nan,78
6974,66,5,nan,nan,78
6974,66,285,nan,nan,78
6974,66,9,nan,nan,78
6974,66,456,nan,nan,78
6974,66,346,nan,nan,78
6974,66,626,nan,nan,78
6974,66,487,nan,nan,78
6974,66,449,nan,nan,78
6974,66,577,nan,nan,78
6974,66,89,nan,nan,78
6974,66,562,nan,nan,78
6974,66,354,nan,nan,78
6974,66,45,nan,nan,78
6974,66,665,nan,nan,78
6974,66,253,nan,nan,78
6974,66,226,nan,nan,78
6974,67,106,nan,nan,78
6974,67,120,nan,nan,78
6974,67,389,nan,nan,78
6974,67,195,nan,nan,78
6974,67,204,nan,nan,78
6974,67,204,nan,nan,78
6974,67,481,nan,nan,78
6974,67,531,nan,nan,78
6974,67,266,nan,nan,78
6974,67,454,nan,nan,78
6974,67,548,nan,nan,78
6974,68,90,nan,nan,78
6974,68,652,nan,nan,78
6974,68,227,nan,nan,78
6974,68,564,nan,nan,78
6974,68,437,nan,nan,78
6974,68,126,nan,nan,78
6974,68,649,nan,nan,78
6974,68,6,nan,nan,78
6974,68,377,nan,nan,78
6974,68,445,nan,nan,78
6974,68,616,nan,nan,78
6974,68,449,nan,nan,78
6974,68,443,nan,nan,78
6974,68,421,nan,nan,78
6974,68,516,nan,nan,78
6974,68,571,nan,nan,78
6974,68,598,nan,nan,78
6974,74,197,nan,nan,78
6974,74,477,nan,nan,78
6974,74,76,nan,nan,78
6974,74,7,nan,nan,78
6974,74,338,nan,nan,78
6974,74,267,nan,nan,78
6974,74,405,nan,nan,78
6974,80,58,nan,nan,78
6974,80,137,nan,nan,78
6974,80,241,nan,nan,78
6974,80,614,nan,nan,78
6974,80,364,nan,nan,78
6974,80,197,nan,nan,78
6974,80,315,nan,nan,78
6974,80,634,nan,nan,78
6974,82,627,nan,nan,78
6974,82,234,nan,nan,78
6974,82,112,nan,nan,78
6974,82,68,nan,nan,78
6974,82,362,nan,nan,78
6974,82,242,nan,nan,78
6974,82,303,nan,nan,78
6974,82,209,nan,nan,78
6974,82,159,nan,nan,78
6974,82,578,nan,nan,78
6974,82,383,nan,nan,78
6974,82,533,nan,nan,78
6974,82,362,nan,nan,78
6974,82,70,nan,nan,78
6974,83,567,nan,nan,78
6974,83,535,nan,nan,78
6974,83,423,nan,nan,78
6974,83,613,nan,nan,78
6974,83,681,nan,nan,78
6974,83,209,nan,nan,78
6974,83,70,nan,nan,78
6974,83,624,nan,nan,78
6974,83,439,nan,nan,78
6974,83,312,nan,nan,78
6974,83,221,nan,nan,78
6974,86,613,nan,nan,78
6974,86,613,nan,nan,78
6974,86,553,nan,nan,78
6974,86,44,nan,nan,78
6974,86,229,nan,nan,78
6974,86,609,nan,nan,78
6974,86,454,nan,nan,78
6974,86,678,nan,nan,78
6974,86,556,nan,nan,78
6974,88,454,nan,nan,78
6974,88,678,nan,nan,78
6974,88,451,nan,nan,78
6974,88,380,nan,nan,78
6974,88,64,nan,nan,78
6974,88,571,nan,nan,78
6974,88,602,nan,nan,78
6974,88,257,nan,nan,78
6974,88,641,nan,nan,78
6974,88,415,nan,nan,78
6974,88,304,nan,nan,78
6974,88,602,nan,nan,78
6974,88,428,nan,nan,78
6974,88,502,nan,nan,78
6974,88,451,nan,nan,78
6974,88,555,nan,nan,78
6974,89,373,nan,nan,78
6974,89,641,nan,nan,78
6974,89,241,nan,nan,78
6974,89,311,nan,nan,78
6974,89,619,nan,nan,78
6974,89,301,nan,nan,78
6974,89,164,nan,nan,78
6974,89,190,nan,nan,78
6974,89,21,nan,nan,78
6974,89,641,nan,nan,78
6974,89,70,nan,nan,78
6974,90,650,nan,nan,78
6974,90,235,nan,nan,78
6974,90,30,nan,nan,78
6974,90,640,nan,nan,78
6974,90,167,nan,nan,78
6974,90,67,nan,nan,78
6974,90,678,nan,nan,78
6974,90,8,nan,nan,78
6974,90,175,nan,nan,78
6974,90,285,nan,nan,78
6974,90,630,nan,nan,78
6974,90,363,nan,nan,78
6974,90,267,nan,nan,78
6974,91,603,nan,nan,78
6974,91,350,nan,nan,78
6974,91,301,nan,nan,78
6974,91,0,nan,nan,78
6974,91,607,nan,nan,78
6974,91,669,nan,nan,78
6974,91,142,nan,nan,78
6974,91,576,nan,nan,78
6974,91,228,nan,nan,78
6974,94,207,nan,nan,78
6974,94,200,nan,nan,78
6974,94,640,nan,nan,78
6974,94,156,nan,nan,78
6974,94,113,nan,nan,78
6974,94,526,nan,nan,78
6974,94,677,nan,nan,78
6974,94,207,nan,nan,78
6974,94,59,nan,nan,78
6974,94,392,nan,nan,78
6974,94,85,nan,nan,78
6974,95,438,nan,nan,78
6974,95,78,nan,nan,78
6974,95,64,nan,nan,78
6974,95,130,nan,nan,78
6974,95,287,nan,nan,78
6974,95,94,nan,nan,78
6974,95,642,nan,nan,78
6974,95,518,nan,nan,78
6974,95,59,nan,nan,78
6974,95,381,nan,nan,78
6974,95,120,nan,nan,78
6974,95,630,nan,nan,78
6974,95,381,nan,nan,78
6974,95,556,nan,nan,78
6974,97,639,nan,nan,78
6974,97,357,nan,nan,78
6974,97,527,nan,nan,78
6974,97,246,nan,nan,78
6974,97,197,nan,nan,78
6974,97,417,nan,nan,78
6974,97,474,nan,nan,78
6974,97,658,nan,nan,78
6974,97,675,nan,nan,78
6974,97,140,nan,nan,78
6974,97,201,nan,nan,78
6974,97,241,nan,nan,78
6974,97,445,nan,nan,78
6974,97,513,nan,nan,78
6974,98,581,nan,nan,78
6974,98,637,nan,nan,78
6974,98,276,nan,nan,78
6974,98,617,nan,nan,78
6974,98,276,nan,nan,78
6974,98,59,nan,nan,78
6974,98,478,nan,nan,78
6974,98,289,nan,nan,78
6974,98,206,nan,nan,78
6974,98,555,nan,nan,78
6974,98,450,nan,nan,78
6974,103,293,nan,nan,78
6974,103,163,nan,nan,78
6974,103,294,nan,nan,78
6974,103,31,nan,nan,78
6974,103,492,nan,nan,78
6974,103,12,nan,nan,78
6974,103,282,nan,nan,78
6974,103,230,nan,nan,78
6974,103,679,nan,nan,78
6974,105,38,nan,nan,78
6974,105,606,nan,nan,78
6974,105,568,nan,nan,78
6974,105,288,nan,nan,78
6974,105,359,nan,nan,78
6974,105,623,nan,nan,78
6974,105,648,nan,nan,78
6974,105,464,nan,nan,78
6974,109,465,nan,nan,78
6974,109,697,nan,nan,78
6974,109,682,nan,nan,78
6974,109,67,nan,nan,78
6974,109,378,nan,nan,78
6974,109,659,nan,nan,78
6974,109,183,nan,nan,78
6974,109,559,nan,nan,78
6974,109,484,nan,nan,78
6974,109,284,nan,nan,78
6974,109,671,nan,nan,78
6974,109,228,nan,nan,78
6974,109,11,nan,nan,78
6974,109,402,nan,nan,78
6974,109,101,nan,nan,78
6974,109,61,nan,nan,78
6974,109,314,nan,nan,78
6974,109,316,nan,nan,78
6974,109,292,nan,nan,78
6974,115,282,nan,nan,78
6974,115,553,nan,nan,78
6974,115,48,nan,nan,78
6974,115,519,nan,nan,78
6974,115,30,nan,nan,78
6974,115,345,nan,nan,78
6974,115,170,nan,nan,78
6974,115,531,nan,nan,78
6974,115,143,nan,nan,78
6974,115,368,nan,nan,78
6974,116,483,nan,nan,78
6974,116,307,nan,nan,78
6974,116,282,nan,nan,78
6974,116,559,nan,nan,78
6974,116,18,nan,nan,78
6974,116,82,nan,nan,78
6974,116,228,nan,nan,78
6974,116,653,nan,nan,78
6974,116,546,nan,nan,78
6974,116,537,nan,nan,78
6974,116,357,nan,nan,78
6974,117,545,nan,nan,78
6974,117,400,nan,nan,78
6974,117,545,nan,nan,78
6974,117,628,nan,nan,78
6974,117,72,nan,nan,78
6974,117,198,nan,nan,78
6974,117,291,nan,nan,78
6974,117,132,nan,nan,78
6974,117,562,nan,nan,78
6974,117,614,nan,nan,78
6974,117,131,nan,nan,78
6974,117,86,nan,nan,78
6974,117,652,nan,nan,78
6974,118,185,nan,nan,78
6974,118,483,nan,nan,78
6974,118,483,nan,nan,78
6974,118,554,nan,nan,78
6974,118,76,nan,nan,78
6974,118,691,nan,nan,78
6974,118,397,nan,nan,78
6974,118,502,nan,nan,78
6974,118,531,nan,nan,78
6974,120,665,nan,nan,78
6974,120,380,nan,nan,78
6974,120,230,nan,nan,78
6974,120,665,nan,nan,78
6974,120,649,nan,nan,78
6974,120,688,nan,nan,78
6974,120,438,nan,nan,78
6974,120,59,nan,nan,78
6974,120,83,nan,nan,78
6974,120,342,nan,nan,78
6974,121,171,nan,nan,78
6974,121,562,nan,nan,78
6974,121,365,nan,nan,78
6974,121,243,nan,nan,78
6974,121,688,nan,nan,78
6974,121,668,nan,nan,78
6974,121,43,nan,nan,78
6974,121,436,nan,nan,78
6974,121,487,nan,nan,78
6974,121,686,nan,nan,78
6974,122,245,nan,nan,78
6974,122,562,nan,nan,78
6974,122,239,nan,nan,78
6974,122,433,nan,nan,78
6974,122,7,nan,nan,78
6974,122,106,nan,nan,78
6974,122,566,nan,nan,78
6974,122,259,nan,nan,78
6974,122,323,nan,nan,78
6974,124,525,nan,nan,78
6974,124,658,nan,nan,78
6974,124,264,nan,nan,78
6974,124,405,nan,nan,78
6974,124,541,nan,nan,78
6974,124,378,nan,nan,78
6974,124,287,nan,nan,78
6974,124,232,nan,nan,78
6974,124,697,nan,nan,78
6974,124,285,nan,nan,78
6974,125,661,nan,nan,78
6974,125,79,nan,nan,78
6974,125,681,nan,nan,78
6974,125,441,nan,nan,78
6974,125,619,nan,nan,78
6974,125,91,nan,nan,78
6974,125,403,nan,nan,78
6974,125,71,nan,nan,78
6974,125,524,nan,nan,78
6974,125,511,nan,nan,78
6974,125,654,nan,nan,78
6974,125,295,nan,nan,78
6974,125,429,nan,nan,78
6974,125,106,nan,nan,78
6974,125,410,nan,nan,78
6974,125,238,nan,nan,78
6974,128,247,nan,nan,78
6974,128,370,nan,nan,78
6974,128,672,nan,nan,78
6974,128,116,nan,nan,78
6974,128,695,nan,nan,78
6974,128,129,nan,nan,78
6974,128,3,nan,nan,78
6974,128,131,nan,nan,78
6974,128,115,nan,nan,78
6974,128,143,nan,nan,78
6974,129,237,nan,nan,78
6974,129,414,nan,nan,78
6974,129,498,nan,nan,78
6974,129,378,nan,nan,78
6974,129,76,nan,nan,78
6974,129,400,nan,nan,78
6974,129,91,nan,nan,78
6974,129,453,nan,nan,78
6974,129,442,nan,nan,78
6974,129,592,nan,nan,78
6974,129,153,nan,nan,78
6974,129,457,nan,nan,78
6974,129,635,nan,nan,78
6974,129,441,nan,nan,78
6974,129,27,nan,nan,78
6974,129,691,nan,nan,78
6974,131,403,nan,nan,78
6974,131,168,nan,nan,78
6974,131,361,nan,nan,78
6974,131,628,nan,nan,78
6974,131,384,nan,nan,78
6974,131,137,nan,nan,78
6974,131,131,nan,nan,78
6974,131,0,nan,nan,78
6974,134,370,nan,nan,78
6974,134,551,nan,nan,78
6974,134,433,nan,nan,78
6974,134,595,nan,nan,78
6974,134,600,nan,nan,78
6974,134,126,nan,nan,78
6974,134,123,nan,nan,78
6974,134,402,nan,nan,78
6974,134,283,nan,nan,78
6974,134,146,nan,nan,78
6974,134,518,nan,nan,78
6974,134,699,nan,nan,78
6974,134,310,nan,nan,78
6974,134,268,nan,nan,78
6974,134,675,nan,nan,78
6974,136,671,nan,nan,78
6974,136,570,nan,nan,78
6974,136,328,nan,nan,78
6974,136,362,nan,nan,78
6974,136,639,nan,nan,78
6974,136,315,nan,nan,78
6974,136,423,nan,nan,78
6974,136,639,nan,nan,78
6974,136,423,nan,nan,78
6974,136,603,nan,nan,78
6974,136,627,nan,nan,78
6974,136,64,nan,nan,78
6974,136,116,nan,nan,78
6974,136,137,nan,nan,78
6974,136,109,nan,nan,78
6974,139,437,nan,nan,78
6974,139,6,nan,nan,78
6974,139,571,nan,nan,78
6974,139,166,nan,nan,78
6974,139,315,nan,nan,78
6974,139,304,nan,nan,78
6974,139,304,nan,nan,78
6974,139,267,nan,nan,78
6974,139,153,nan,nan,78
6974,139,678,nan,nan,78
6974,139,84,nan,nan,78
6974,139,342,nan,nan,78
6974,139,543,nan,nan,78
6974,139,678,nan,nan,78
6974,139,106,nan,nan,78
6974,141,672,nan,nan,78
6974,141,503,nan,nan,78
6974,141,678,nan,nan,78
6974,141,572,nan,nan,78
6974,141,488,nan,nan,78
6974,141,408,nan,nan,78
6974,141,10,nan,nan,78
6974,141,392,nan,nan,78
6974,141,213,nan,nan,78
6974,141,116,nan,nan,78
6974,141,143,nan,nan,78
6974,141,456,nan,nan,78
6974,141,82,nan,nan,78
6974,141,646,nan,nan,78
6974,142,448,nan,nan,78
6974,142,526,nan,nan,78
6974,142,334,nan,nan,78
6974,142,636,nan,nan,78
6974,142,304,nan,nan,78
6974,142,54,nan,nan,78
6974,142,576,nan,nan,78
6974,142,383,nan,nan,78
6974,142,453,nan,nan,78
6974,142,329,nan,nan,78
6974,142,178,nan,nan,78
6974,142,524,nan,nan,78
6974,143,177,nan,nan,78
6974,143,94,nan,nan,78
6974,143,177,nan,nan,78
6974,143,154,nan,nan,78
6974,143,556,nan,nan,78
6974,143,520,nan,nan,78
6974,143,647,nan,nan,78
6974,147,387,nan,nan,78
6974,147,429,nan,nan,78
6974,147,99,nan,nan,78
6974,147,105,nan,nan,78
6974,147,338,nan,nan,78
6974,147,287,nan,nan,78
6974,147,145,nan,nan,78
6974,147,330,nan,nan,78
6974,147,555,nan,nan,78
6974,147,602,nan,nan,78
6974,147,382,nan,nan,78
6974,147,179,nan,nan,78
6974,149,254,nan,nan,78
6974,149,326,nan,nan,78
6974,149,130,nan,nan,78
6974,149,330,nan,nan,78
6974,149,217,nan,nan,78
6974,149,662,nan,nan,78
6974,149,326,nan,nan,78
6974,149,237,nan,nan,78
6974,149,259,nan,nan,78
6974,150,358,nan,nan,78
6974,150,312,nan,nan,78
6974,150,386,nan,nan,78
6974,150,528,nan,nan,78
6974,150,479,nan,nan,78
6974,150,423,nan,nan,78
6974,150,346,nan,nan,78
6974,150,644,nan,nan,78
6974,150,667,nan,nan,78
6974,150,166,nan,nan,78
6974,150,135,nan,nan,78
6974,150,28,nan,nan,78
6974,150,105,nan,nan,78
6974,151,401,nan,nan,78
6974,151,72,nan,nan,78
6974,151,421,nan,nan,78
6974,151,478,nan,nan,78
6974,151,105,nan,nan,78
6974,151,105,nan,nan,78
6974,151,445,nan,nan,78
6974,151,46,nan,nan,78
6974,151,651,nan,nan,78
6974,151,36,nan,nan,78
6974,151,295,nan,nan,78
6974,151,221,nan,nan,78
6974,151,414,nan,nan,78
6974,155,621,nan,nan,78
6974,155,206,nan,nan,78
6974,155,685,nan,nan,78
6974,155,446,nan,nan,78
6974,155,157,nan,nan,78
6974,155,599,nan,nan,78
6974,155,557,nan,nan,78
6974,155,192,nan,nan,78
6974,155,625,nan,nan,78
6974,155,363,nan,nan,78
6974,155,378,nan,nan,78
6974,155,698,nan,nan,78
6974,15,476,3,0.25,78
6975,0,285,nan,nan,86
6975,0,643,nan,nan,86
6975,0,307,nan,nan,86
6975,0,586,nan,nan,86
6975,0,323,nan,nan,86
6975,0,418,nan,nan,86
6975,0,568,nan,nan,86
6975,1,549,nan,nan,86
6975,1,215,nan,nan,86
6975,1,219,nan,nan,86
6975,2,580,nan,nan,86
6975,2,240,nan,nan,86
6975,2,676,nan,nan,86
6975,2,651,nan,nan,86
6975,5,244,nan,nan,86
6975,5,275,nan,nan,86
6975,6,574,nan,nan,86
6975,6,7,nan,nan,86
6975,6,146,nan,nan,86
6975,6,67,nan,nan,86
6975,6,142,nan,nan,86
6975,6,59,nan,nan,86
6975,6,344,nan,nan,86
6975,6,177,nan,nan,86
6975,8,31,nan,nan,86
6975,8,160,nan,nan,86
6975,8,92,nan,nan,86
6975,8,437,nan,nan,86
6975,8,238,nan,nan,86
6975,8,212,nan,nan,86
6975,9,316,nan,nan,86
6975,9,127,nan,nan,86
6975,9,87,nan,nan,86
6975,9,437,nan,nan,86
6975,9,523,nan,nan,86
6975,10,452,nan,nan,86
6975,10,367,nan,nan,86
6975,10,539,nan,nan,86
6975,10,76,nan,nan,86
6975,10,148,nan,nan,86
6975,10,226,nan,nan,86
6975,12,447,nan,nan,86
6975,12,447,nan,nan,86
6975,12,529,nan,nan,86
6975,12,296,nan,nan,86
6975,13,526,nan,nan,86
6975,13,317,nan,nan,86
6975,13,139,nan,nan,86
6975,13,562,nan,nan,86
6975,13,470,nan,nan,86
6975,15,285,nan,nan,86
6975,15,695,nan,nan,86
6975,15,266,nan,nan,86
6975,15,128,nan,nan,86
6975,15,307,nan,nan,86
6975,15,469,nan,nan,86
6975,15,116,nan,nan,86
6975,17,36,nan,nan,86
6975,17,176,nan,nan,86
6975,17,668,nan,nan,86
6975,21,286,nan,nan,86
6975,21,182,nan,nan,86
6975,21,88,nan,nan,86
6975,21,156,nan,nan,86
6975,24,161,nan,nan,86
6975,24,635,nan,nan,86
6975,24,3,nan,nan,86
6975,24,430,nan,nan,86
6975,24,316,nan,nan,86
6975,25,425,nan,nan,86
6975,25,161,nan,nan,86
6975,25,165,nan,nan,86
6975,25,449,nan,nan,86
6975,25,416,nan,nan,86
6975,29,57,nan,nan,86
6975,29,384,nan,nan,86
6975,29,16,nan,nan,86
6975,30,120,nan,nan,86
6975,30,276,nan,nan,86
6975,30,249,nan,nan,86
6975,30,268,nan,nan,86
6975,30,358,nan,nan,86
6975,31,423,nan,nan,86
6975,31,101,nan,nan,86
6975,31,426,nan,nan,86
6975,31,643,nan,nan,86
6975,31,148,nan,nan,86
6975,32,681,nan,nan,86
6975,32,34,nan,nan,86
6975,32,16,nan,nan,86
6975,35,613,nan,nan,86
6975,35,262,nan,nan,86
6975,35,298,nan,nan,86
6975,35,613,nan,nan,86
6975,35,49,nan,nan,86
6975,35,641,nan,nan,86
6975,35,521,nan,nan,86
6975,35,688,nan,nan,86
6975,36,311,nan,nan,86
6975,36,583,nan,nan,86
6975,37,620,nan,nan,86
6975,42,555,nan,nan,86
6975,42,561,nan,nan,86
6975,42,253,nan,nan,86
6975,43,94,nan,nan,86
6975,43,518,nan,nan,86
6975,43,114,nan,nan,86
6975,43,207,nan,nan,86
6975,43,357,nan,nan,86
6975,43,26,nan,nan,86
6975,43,296,nan,nan,86
6975,43,579,nan,nan,86
6975,45,92,nan,nan,86
6975,45,276,nan,nan,86
6975,45,181,nan,nan,86
6975,45,616,nan,nan,86
6975,45,126,nan,nan,86
6975,45,192,nan,nan,86
6975,49,27,nan,nan,86
6975,49,196,nan,nan,86
6975,49,296,nan,nan,86
6975,49,93,nan,nan,86
6975,49,423,nan,nan,86
6975,49,28,nan,nan,86
6975,52,467,nan,nan,86
6975,52,645,nan,nan,86
6975,52,210,nan,nan,86
6975,52,493,nan,nan,86
6975,52,598,nan,nan,86
6975,53,50,nan,nan,86
6975,53,110,nan,nan,86
6975,53,148,nan,nan,86
6975,53,474,nan,nan,86
6975,53,142,nan,nan,86
6975,55,544,nan,nan,86
6975,55,502,nan,nan,86
6975,55,476,nan,nan,86
6975,60,536,nan,nan,86
6975,60,26,nan,nan,86
6975,60,296,nan,nan,86
6975,61,133,nan,nan,86
6975,61,313,nan,nan,86
6975,61,41,nan,nan,86
6975,61,395,nan,nan,86
6975,62,133,nan,nan,86
6975,62,627,nan,nan,86
6975,62,554,nan,nan,86
6975,62,242,nan,nan,86
6975,66,410,nan,nan,86
6975,66,212,nan,nan,86
6975,66,594,nan,nan,86
6975,66,395,nan,nan,86
6975,67,686,nan,nan,86
6975,67,550,nan,nan,86
6975,67,192,nan,nan,86
6975,67,6,nan,nan,86
6975,72,30,nan,nan,86
6975,72,209,nan,nan,86
6975,72,272,nan,nan,86
6975,72,578,nan,nan,86
6975,72,313,nan,nan,86
6975,73,96,nan,nan,86
6975,73,577,nan,nan,86
6975,73,89,nan,nan,86
6975,73,184,nan,nan,86
6975,73,561,nan,nan,86
6975,74,429,nan,nan,86
6975,74,531,nan,nan,86
6975,74,256,nan,nan,86
6975,74,612,nan,nan,86
6975,76,371,nan,nan,86
6975,76,417,nan,nan,86
6975,76,595,nan,nan,86
6975,76,463,nan,nan,86
6975,76,161,nan,nan,86
6975,76,262,nan,nan,86
6975,76,55,nan,nan,86
6975,76,449,nan,nan,86
6975,78,285,nan,nan,86
6975,79,151,nan,nan,86
6975,79,148,nan,nan,86
6975,79,653,nan,nan,86
6975,79,409,nan,nan,86
6975,79,131,nan,nan,86
6975,79,588,nan,nan,86
6975,81,289,nan,nan,86
6975,81,653,nan,nan,86
6975,81,233,nan,nan,86
6975,83,413,nan,nan,86
6975,83,200,nan,nan,86
6975,83,112,nan,nan,86
6975,83,308,nan,nan,86
6975,84,641,nan,nan,86
6975,84,651,nan,nan,86
6975,84,613,nan,nan,86
6975,84,431,nan,nan,86
6975,84,109,nan,nan,86
6975,84,476,nan,nan,86
6975,84,42,nan,nan,86
6975,87,123,nan,nan,86
6975,87,662,nan,nan,86
6975,87,49,nan,nan,86
6975,87,165,nan,nan,86
6975,87,447,nan,nan,86
6975,87,22,nan,nan,86
6975,87,691,nan,nan,86
6975,88,267,nan,nan,86
6975,88,60,nan,nan,86
6975,88,470,nan,nan,86
6975,88,617,nan,nan,86
6975,88,184,nan,nan,86
6975,90,113,nan,nan,86
6975,90,272,nan,nan,86
6975,90,378,nan,nan,86
6975,90,84,nan,nan,86
6975,90,214,nan,nan,86
6975,91,668,nan,nan,86
6975,91,250,nan,nan,86
6975,91,634,nan,nan,86
6975,91,518,nan,nan,86
6975,92,471,nan,nan,86
6975,92,118,nan,nan,86
6975,92,107,nan,nan,86
6975,92,556,nan,nan,86
6975,92,25,nan,nan,86
6975,92,213,nan,nan,86
6975,94,477,nan,nan,86
6975,94,379,nan,nan,86
6975,94,675,nan,nan,86
6975,95,239,nan,nan,86
6975,95,694,nan,nan,86
6975,95,686,nan,nan,86
6975,96,120,nan,nan,86
6975,96,165,nan,nan,86
6975,96,627,nan,nan,86
6975,96,429,nan,nan,86
6975,98,533,nan,nan,86
6975,98,590,nan,nan,86
6975,100,518,nan,nan,86
6975,100,452,nan,nan,86
6975,100,191,nan,nan,86
6975,100,167,nan,nan,86
6975,102,422,nan,nan,86
6975,102,5,nan,nan,86
6975,102,554,nan,nan,86
6975,102,468,nan,nan,86
6975,102,639,nan,nan,86
6975,104,157,nan,nan,86
6975,104,534,nan,nan,86
6975,104,289,nan,nan,86
6975,104,614,nan,nan,86
6975,104,44,nan,nan,86
6975,104,294,nan,nan,86
6975,105,86,nan,nan,86
6975,105,403,nan,nan,86
6975,105,242,nan,nan,86
6975,105,508,nan,nan,86
6975,105,88,nan,nan,86
6975,105,210,nan,nan,86
6975,107,234,nan,nan,86
6975,107,63,nan,nan,86
6975,107,293,nan,nan,86
6975,107,399,nan,nan,86
6975,107,82,nan,nan,86
6975,110,623,nan,nan,86
6975,110,593,nan,nan,86
6975,112,609,nan,nan,86
6975,112,62,nan,nan,86
6975,112,205,nan,nan,86
6975,112,67,nan,nan,86
6975,112,175,nan,nan,86
6975,112,55,nan,nan,86
6975,112,622,nan,nan,86
6975,112,28,nan,nan,86
6975,119,272,nan,nan,86
6975,119,106,nan,nan,86
6975,119,662,nan,nan,86
6975,119,35,nan,nan,86
6975,119,679,nan,nan,86
6975,119,594,nan,nan,86
6975,120,545,nan,nan,86
6975,120,476,nan,nan,86
6975,120,322,nan,nan,86
6975,120,389,nan,nan,86
6975,122,419,nan,nan,86
6975,122,476,nan,nan,86
6975,122,320,nan,nan,86
6975,122,422,nan,nan,86
6975,124,582,nan,nan,86
6975,124,318,nan,nan,86
6975,124,542,nan,nan,86
6975,124,618,nan,nan,86
6975,124,278,nan,nan,86
6975,125,588,nan,nan,86
6975,125,481,nan,nan,86
6975,125,584,nan,nan,86
6975,125,691,nan,nan,86
6975,126,18,2,0.1,86
6975,126,551,nan,nan,86
6975,126,354,nan,nan,86
6975,126,202,nan,nan,86
6975,126,465,nan,nan,86
6975,128,100,nan,nan,86
6975,128,442,nan,nan,86
6975,128,253,nan,nan,86
6975,128,446,nan,nan,86
6975,128,593,nan,nan,86
6975,129,441,nan,nan,86
6975,129,58,nan,nan,86
6975,132,179,nan,nan,86
6975,132,123,nan,nan,86
6975,132,375,nan,nan,86
6975,132,131,nan,nan,86
6975,134,500,nan,nan,86
6975,134,493,nan,nan,86
6975,138,223,nan,nan,86
6975,138,642,nan,nan,86
6975,138,312,nan,nan,86
6975,138,368,nan,nan,86
6975,138,311,nan,nan,86
6975,138,444,nan,nan,86
6975,140,6,nan,nan,86
6975,140,673,nan,nan,86
6975,140,244,nan,nan,86
6975,140,624,nan,nan,86
6975,140,683,nan,nan,86
6975,140,596,nan,nan,86
6975,140,675,nan,nan,86
6975,140,603,nan,nan,86
6975,140,581,nan,nan,86
6975,141,576,nan,nan,86
6975,141,641,nan,nan,86
6975,141,503,nan,nan,86
6975,141,254,nan,nan,86
6975,141,163,nan,nan,86
6975,141,295,nan,nan,86
6975,141,535,nan,nan,86
6975,144,191,nan,nan,86
6975,144,637,nan,nan,86
6975,144,252,nan,nan,86
6975,146,105,nan,nan,86
6975,147,355,nan,nan,86
6975,147,317,nan,nan,86
6975,147,94,nan,nan,86
6975,147,459,nan,nan,86
6975,147,345,nan,nan,86
6975,147,410,nan,nan,86
6975,147,445,nan,nan,86
6975,148,552,nan,nan,86
6975,148,686,nan,nan,86
6975,148,566,nan,nan,86
6975,148,121,nan,nan,86
6975,148,460,nan,nan,86
6975,148,483,nan,nan,86
6975,151,357,nan,nan,86
6975,151,120,nan,nan,86
6975,151,172,nan,nan,86
6975,151,394,nan,nan,86
6975,151,492,nan,nan,86
6975,151,482,nan,nan,86
6976,0,118,nan,nan,85
6976,0,206,nan,nan,85
6976,0,178,nan,nan,85
6976,0,600,nan,nan,85
6976,2,601,nan,nan,85
6976,2,20,nan,nan,85
6976,2,544,nan,nan,85
6976,2,201,nan,nan,85
6976,2,455,nan,nan,85
6976,2,399,nan,nan,85
6976,4,587,nan,nan,85
6976,4,332,nan,nan,85
6976,4,523,nan,nan,85
6976,4,652,nan,nan,85
6976,12,39,nan,nan,85
6976,12,489,nan,nan,85
6976,12,62,nan,nan,85
6976,12,486,nan,nan,85
6976,12,13,nan,nan,85
6976,12,0,nan,nan,85
6976,12,511,nan,nan,85
6976,12,42,nan,nan,85
6976,12,232,nan,nan,85
6976,12,376,nan,nan,85
6976,12,337,nan,nan,85
6976,17,344,nan,nan,85
6976,17,92,nan,nan,85
6976,17,221,nan,nan,85
6976,17,350,nan,nan,85
6976,24,52,nan,nan,85
6976,24,328,nan,nan,85
6976,24,671,2,0.1,85
6976,26,361,nan,nan,85
6976,26,551,nan,nan,85
6976,26,585,nan,nan,85
6976,26,102,nan,nan,85
6976,26,629,nan,nan,85
6976,33,243,nan,nan,85
6976,33,643,nan,nan,85
6976,33,505,nan,nan,85
6976,33,658,nan,nan,85
6976,33,351,nan,nan,85
6976,36,5,nan,nan,85
6976,36,109,nan,nan,85
6976,36,562,nan,nan,85
6976,36,246,nan,nan,85
6976,39,408,nan,nan,85
6976,39,116,nan,nan,85
6976,39,430,nan,nan,85
6976,39,345,nan,nan,85
6976,39,675,nan,nan,85
6976,40,575,nan,nan,85
6976,40,539,nan,nan,85
6976,40,54,nan,nan,85
6976,40,343,nan,nan,85
6976,42,476,nan,nan,85
6976,42,59,nan,nan,85
6976,42,322,nan,nan,85
6976,42,126,nan,nan,85
6976,42,415,nan,nan,85
6976,42,207,nan,nan,85
6976,42,451,nan,nan,85
6976,42,226,nan,nan,85
6976,52,179,nan,nan,85
6976,52,555,nan,nan,85
6976,52,467,nan,nan,85
6976,52,627,nan,nan,85
6976,52,312,nan,nan,85
6976,52,512,nan,nan,85
6976,60,293,nan,nan,85
6976,60,529,nan,nan,85
6976,60,7,nan,nan,85
6976,60,255,nan,nan,85
6976,60,245,nan,nan,85
6976,60,555,nan,nan,85
6976,66,615,nan,nan,85
6976,66,673,nan,nan,85
6976,66,192,nan,nan,85
6976,66,567,nan,nan,85
6976,66,144,nan,nan,85
6976,66,604,nan,nan,85
6976,66,350,nan,nan,85
6976,68,400,nan,nan,85
6976,68,260,nan,nan,85
6976,68,350,nan,nan,85
6976,68,192,nan,nan,85
6976,71,21,nan,nan,85
6976,71,419,nan,nan,85
6976,71,232,nan,nan,85
6976,71,433,nan,nan,85
6976,71,492,nan,nan,85
6976,72,226,nan,nan,85
6976,72,387,nan,nan,85
6976,72,183,nan,nan,85
6976,76,672,nan,nan,85
6976,76,498,nan,nan,85
6976,76,542,nan,nan,85
6976,76,167,nan,nan,85
6976,76,487,nan,nan,85
6976,76,498,nan,nan,85
6976,76,57,nan,nan,85
6976,79,144,nan,nan,85
6976,79,383,nan,nan,85
6976,79,563,nan,nan,85
6976,79,682,nan,nan,85
6976,80,499,nan,nan,85
6976,80,166,nan,nan,85
6976,80,250,nan,nan,85
6976,80,685,nan,nan,85
6976,80,212,nan,nan,85
6976,82,209,nan,nan,85
6976,82,303,nan,nan,85
6976,82,697,nan,nan,85
6976,82,358,nan,nan,85
6976,87,352,nan,nan,85
6976,87,380,nan,nan,85
6976,87,663,nan,nan,85
6976,93,156,nan,nan,85
6976,93,151,nan,nan,85
6976,93,56,nan,nan,85
6976,93,298,nan,nan,85
6976,96,168,nan,nan,85
6976,96,580,nan,nan,85
6976,96,528,nan,nan,85
6976,98,445,nan,nan,85
6976,98,299,nan,nan,85
6976,98,597,nan,nan,85
6976,98,349,nan,nan,85
6976,98,357,nan,nan,85
6976,98,58,nan,nan,85
6976,102,547,nan,nan,85
6976,105,340,nan,nan,85
6976,105,21,nan,nan,85
6976,105,80,nan,nan,85
6976,105,467,nan,nan,85
6976,105,568,nan,nan,85
6976,105,648,nan,nan,85
6976,105,78,nan,nan,85
6976,108,108,nan,nan,85
6976,108,270,nan,nan,85
6976,108,314,nan,nan,85
6976,108,627,nan,nan,85
6976,108,658,nan,nan,85
6976,108,61,nan,nan,85
6976,110,293,nan,nan,85
6976,110,415,nan,nan,85
6976,110,226,nan,nan,85
6976,110,174,nan,nan,85
6976,115,94,nan,nan,85
6976,115,579,nan,nan,85
6976,115,91,nan,nan,85
6976,115,1,nan,nan,85
6976,115,339,nan,nan,85
6976,115,322,nan,nan,85
6976,115,269,nan,nan,85
6976,119,136,nan,nan,85
6976,119,421,nan,nan,85
6976,119,167,nan,nan,85
6976,119,62,nan,nan,85
6976,120,174,nan,nan,85
6976,120,281,nan,nan,85
6976,120,493,nan,nan,85
6976,120,172,nan,nan,85
6976,120,594,nan,nan,85
6976,120,2,nan,nan,85
6976,120,234,nan,nan,85
6976,123,338,nan,nan,85
6976,123,450,nan,nan,85
6976,123,362,nan,nan,85
6976,123,277,nan,nan,85
6976,132,577,nan,nan,85
6976,132,571,nan,nan,85
6976,132,23,nan,nan,85
6976,135,20,nan,nan,85
6976,135,2,nan,nan,85
6976,135,245,nan,nan,85
6976,135,173,nan,nan,85
6976,135,443,nan,nan,85
6976,135,48,nan,nan,85
6976,135,221,nan,nan,85
6976,138,650,nan,nan,85
6976,138,130,nan,nan,85
6976,138,589,nan,nan,85
6976,138,202,nan,nan,85
6976,139,697,nan,nan,85
6976,139,678,nan,nan,85
6976,141,115,nan,nan,85
6976,141,404,nan,nan,85
6976,143,154,nan,nan,85
6976,143,192,nan,nan,85
6976,143,351,nan,nan,85
6976,150,404,nan,nan,85
6976,150,346,nan,nan,85
6976,150,295,nan,nan,85
6976,150,341,nan,nan,85
6976,150,651,nan,nan,85
6976,150,556,nan,nan,85
6976,150,263,nan,nan,85
6976,150,525,nan,nan,85
6976,151,315,nan,nan,85
6976,151,491,nan,nan,85
6976,151,110,nan,nan,85
6976,155,502,nan,nan,85
6976,155,189,nan,nan,85
6976,155,157,nan,nan,85
6976,155,692,nan,nan,85
6976,155,386,nan,nan,85
6976,155,17,nan,nan,85
6977,7,271,nan,nan,55
6977,7,160,nan,nan,55
6977,7,615,nan,nan,55
6977,7,134,nan,nan,55
6977,7,570,nan,nan,55
6977,7,610,nan,nan,55
6977,28,486,nan,nan,55
6977,28,319,nan,nan,55
6977,29,487,nan,nan,55
6977,29,560,nan,nan,55
6977,29,99,nan,nan,55
6977,42,692,nan,nan,55
6977,42,393,nan,nan,55
6977,42,450,nan,nan,55
6977,42,345,nan,nan,55
6977,42,47,nan,nan,55
6977,42,161,nan,nan,55
6977,42,25,nan,nan,55
6977,42,55,nan,nan,55
6977,56,438,nan,nan,55
6977,56,561,nan,nan,55
6977,56,211,nan,nan,55
6977,56,298,nan,nan,55
6977,63,411,nan,nan,55
6977,63,695,nan,nan,55
6977,83,211,nan,nan,55
6977,83,328,nan,nan,55
6977,83,204,nan,nan,55
6977,92,160,nan,nan,55
6977,92,107,nan,nan,55
6977,92,371,nan,nan,55
6977,92,640,nan,nan,55
6977,92,615,nan,nan,55
6977,92,287,nan,nan,55
6977,92,187,nan,nan,55
6977,92,470,nan,nan,55
6977,94,107,nan,nan,55
6977,94,541,nan,nan,55
6977,94,47,nan,nan,55
6977,94,488,nan,nan,55
6977,94,589,nan,nan,55
6977,94,135,nan,nan,55
6977,94,47,nan,nan,55
6977,94,385,nan,nan,55
6977,94,407,nan,nan,55
6977,112,162,nan,nan,55
6977,112,363,nan,nan,55
6977,112,166,nan,nan,55
6977,118,256,nan,nan,55
6977,118,18,nan,nan,55
6977,118,325,nan,nan,55
6977,118,558,nan,nan,55
6977,118,624,nan,nan,55
6977,118,542,nan,nan,55
6977,118,366,nan,nan,55
6977,118,376,nan,nan,55
6977,118,546,nan,nan,55
6977,118,156,nan,nan,55
6977,119,307,nan,nan,55
6977,119,400,nan,nan,55
6977,119,509,nan,nan,55
6977,119,2,nan,nan,55
6977,119,548,nan,nan,55
6977,119,206,nan,nan,55
6977,121,491,nan,nan,55
6977,121,490,nan,nan,55
6977,121,686,nan,nan,55
6977,134,639,nan,nan,55
6977,134,3,nan,nan,55
6977,134,321,nan,nan,55
6977,134,457,nan,nan,55
6977,141,187,nan,nan,55
6977,142,591,nan,nan,55
6977,142,167,nan,nan,55
6977,142,328,nan,nan,55
6977,142,493,nan,nan,55
6977,142,287,nan,nan,55
6977,142,493,nan,nan,55
6977,142,141,nan,nan,55
6977,142,256,nan,nan,55
6977,154,128,nan,nan,55
6977,154,666,nan,nan,55
6977,103,111,nan,nan,55
6978,2,661,nan,nan,60
6978,2,373,nan,nan,60
6978,3,170,nan,nan,60
6978,3,583,nan,nan,60
6978,3,130,nan,nan,60
6978,3,670,nan,nan,60
6978,3,242,nan,nan,60
6978,4,475,nan,nan,60
6978,5,399,nan,nan,60
6978,6,477,nan,nan,60
6978,6,579,nan,nan,60
6978,10,399,nan,nan,60
6978,10,281,nan,nan,60
6978,13,469,nan,nan,60
6978,14,227,nan,nan,60
6978,16,45,nan,nan,60
6978,18,614,nan,nan,60
6978,18,405,nan,nan,60
6978,18,343,nan,nan,60
6978,18,697,nan,nan,60
6978,19,64,nan,nan,60
6978,19,174,nan,nan,60
6978,22,106,nan,nan,60
6978,22,398,nan,nan,60
6978,25,184,nan,nan,60
6978,25,31,nan,nan,60
6978,25,16,nan,nan,60
6978,26,680,nan,nan,60
6978,29,487,nan,nan,60
6978,30,469,nan,nan,60
6978,32,155,nan,nan,60
6978,32,660,nan,nan,60
6978,33,500,nan,nan,60
6978,33,613,nan,nan,60
6978,35,84,nan,nan,60
6978,35,472,nan,nan,60
6978,35,125,nan,nan,60
6978,36,624,nan,nan,60
6978,36,628,nan,nan,60
6978,36,273,nan,nan,60
6978,39,499,nan,nan,60
6978,39,385,nan,nan,60
6978,39,154,nan,nan,60
6978,40,518,nan,nan,60
6978,40,307,nan,nan,60
6978,40,339,2,0.1,60
6978,40,370,nan,nan,60
6978,44,217,nan,nan,60
6978,44,164,nan,nan,60
6978,44,296,nan,nan,60
6978,44,162,nan,nan,60
6978,44,200,nan,nan,60
6978,46,56,nan,nan,60
6978,46,315,nan,nan,60
6978,46,213,nan,nan,60
6978,47,258,nan,nan,60
6978,47,26,nan,nan,60
6978,47,336,nan,nan,60
6978,48,445,nan,nan,60
6978,49,134,nan,nan,60
6978,49,636,nan,nan,60
6978,50,275,nan,nan,60
6978,50,235,nan,nan,60
6978,50,159,nan,nan,60
6978,51,553,nan,nan,60
6978,52,409,nan,nan,60
6978,52,675,nan,nan,60
6978,56,81,nan,nan,60
6978,56,275,nan,nan,60
6978,56,186,nan,nan,60
6978,58,399,nan,nan,60
6978,58,61,nan,nan,60
6978,58,112,nan,nan,60
6978,59,30,nan,nan,60
6978,59,209,nan,nan,60
6978,59,579,nan,nan,60
6978,61,345,nan,nan,60
6978,61,93,nan,nan,60
6978,61,204,nan,nan,60
6978,63,234,nan,nan,60
6978,63,531,nan,nan,60
6978,63,103,nan,nan,60
6978,63,413,nan,nan,60
6978,65,418,nan,nan,60
6978,65,245,nan,nan,60
6978,65,59,nan,nan,60
6978,66,602,nan,nan,60
6978,66,227,nan,nan,60
6978,66,174,nan,nan,60
6978,69,298,nan,nan,60
6978,71,412,nan,nan,60
6978,71,207,nan,nan,60
6978,72,598,nan,nan,60
6978,72,644,nan,nan,60
6978,72,285,nan,nan,60
6978,73,526,nan,nan,60
6978,74,108,nan,nan,60
6978,74,318,nan,nan,60
6978,74,614,nan,nan,60
6978,74,196,nan,nan,60
6978,77,14,nan,nan,60
6978,77,443,nan,nan,60
6978,77,86,nan,nan,60
6978,78,369,nan,nan,60
6978,81,219,nan,nan,60
6978,81,663,nan,nan,60
6978,81,458,nan,nan,60
6978,82,41,nan,nan,60
6978,82,89,nan,nan,60
6978,82,653,nan,nan,60
6978,84,135,nan,nan,60
6978,84,109,nan,nan,60
6978,86,575,nan,nan,60
6978,86,346,nan,nan,60
6978,89,20,nan,nan,60
6978,93,468,nan,nan,60
6978,93,576,nan,nan,60
6978,93,376,nan,nan,60
6978,93,430,nan,nan,60
6978,94,396,nan,nan,60
6978,95,200,nan,nan,60
6978,95,167,nan,nan,60
6978,95,637,nan,nan,60
6978,95,556,nan,nan,60
6978,95,575,nan,nan,60
6978,95,555,nan,nan,60
6978,99,178,nan,nan,60
6978,100,294,nan,nan,60
6978,100,137,nan,nan,60
6978,104,568,nan,nan,60
6978,104,466,nan,nan,60
6978,104,545,nan,nan,60
6978,106,663,nan,nan,60
6978,106,664,nan,nan,60
6978,107,399,nan,nan,60
6978,107,164,nan,nan,60
6978,107,293,nan,nan,60
6978,109,254,nan,nan,60
6978,109,616,nan,nan,60
6978,110,210,nan,nan,60
6978,110,235,nan,nan,60
6978,110,234,nan,nan,60
6978,111,344,nan,nan,60
6978,113,396,nan,nan,60
6978,114,226,nan,nan,60
6978,114,496,nan,nan,60
6978,114,522,nan,nan,60
6978,120,526,nan,nan,60
6978,120,354,nan,nan,60
6978,120,182,nan,nan,60
6978,120,329,nan,nan,60
6978,121,97,nan,nan,60
6978,121,299,nan,nan,60
6978,122,156,nan,nan,60
6978,127,334,nan,nan,60
6978,128,50,nan,nan,60
6978,129,361,nan,nan,60
6978,131,160,nan,nan,60
6978,131,298,nan,nan,60
6978,134,232,nan,nan,60
6978,134,632,nan,nan,60
6978,135,128,nan,nan,60
6978,137,500,nan,nan,60
6978,137,153,nan,nan,60
6978,137,253,nan,nan,60
6978,139,690,nan,nan,60
6978,139,15,nan,nan,60
6978,140,404,nan,nan,60
6978,141,322,nan,nan,60
6978,141,420,2,0.1,60
6978,141,305,nan,nan,60
6978,141,99,nan,nan,60
6978,142,76,nan,nan,60
6978,142,567,nan,nan,60
6978,143,156,nan,nan,60
6978,145,356,nan,nan,60
6978,148,684,nan,nan,60
6978,148,167,nan,nan,60
6978,148,174,nan,nan,60
6978,152,547,nan,nan,60
6978,152,298,nan,nan,60
6978,152,196,nan,nan,60
6978,152,191,nan,nan,60
6978,152,194,nan,nan,60
6978,155,108,nan,nan,60
6978,155,567,nan,nan,60
6978,155,573,nan,nan,60
6978,155,634,nan,nan,60
6979,4,201,nan,nan,84
6979,4,601,nan,nan,84
6979,4,688,nan,nan,84
6979,4,506,nan,nan,84
6979,4,108,nan,nan,84
6979,4,114,nan,nan,84
6979,4,682,nan,nan,84
6979,4,579,nan,nan,84
6979,4,190,nan,nan,84
6979,4,336,nan,nan,84
6979,4,4,nan,nan,84
6979,4,92,nan,nan,84
6979,4,152,nan,nan,84
